CommonsController.java,edu.ucsb.cs156.happiercows.controllers.CommonsController,org.pitest.mutationtest.engine.gregor.mutators.ConditionalsBoundaryMutator,createCommons,170,KILLED,edu.ucsb.cs156.happiercows.controllers.CommonsControllerTests.[engine:junit-jupiter]/[class:edu.ucsb.cs156.happiercows.controllers.CommonsControllerTests]/[method:createCommonsTest_zeroDegradation()]
CommonsController.java,edu.ucsb.cs156.happiercows.controllers.CommonsController,org.pitest.mutationtest.engine.gregor.mutators.NegateConditionalsMutator,createCommons,159,KILLED,edu.ucsb.cs156.happiercows.controllers.CommonsControllerTests.[engine:junit-jupiter]/[class:edu.ucsb.cs156.happiercows.controllers.CommonsControllerTests]/[method:createCommonsTest()]
CommonsController.java,edu.ucsb.cs156.happiercows.controllers.CommonsController,org.pitest.mutationtest.engine.gregor.mutators.NegateConditionalsMutator,createCommons,162,KILLED,edu.ucsb.cs156.happiercows.controllers.CommonsControllerTests.[engine:junit-jupiter]/[class:edu.ucsb.cs156.happiercows.controllers.CommonsControllerTests]/[method:createCommonsTest()]
CommonsController.java,edu.ucsb.cs156.happiercows.controllers.CommonsController,org.pitest.mutationtest.engine.gregor.mutators.NegateConditionalsMutator,createCommons,170,KILLED,edu.ucsb.cs156.happiercows.controllers.CommonsControllerTests.[engine:junit-jupiter]/[class:edu.ucsb.cs156.happiercows.controllers.CommonsControllerTests]/[method:createCommonsTest()]
CommonsController.java,edu.ucsb.cs156.happiercows.controllers.CommonsController,org.pitest.mutationtest.engine.gregor.mutators.returns.NullReturnValsMutator,createCommons,177,KILLED,edu.ucsb.cs156.happiercows.controllers.CommonsControllerTests.[engine:junit-jupiter]/[class:edu.ucsb.cs156.happiercows.controllers.CommonsControllerTests]/[method:createCommonsTest()]
CommonsController.java,edu.ucsb.cs156.happiercows.controllers.CommonsController,org.pitest.mutationtest.engine.gregor.mutators.VoidMethodCallMutator,deleteCommons,237,KILLED,edu.ucsb.cs156.happiercows.controllers.CommonsControllerTests.[engine:junit-jupiter]/[class:edu.ucsb.cs156.happiercows.controllers.CommonsControllerTests]/[method:deleteCommons_test_admin_exists()]
CommonsController.java,edu.ucsb.cs156.happiercows.controllers.CommonsController,org.pitest.mutationtest.engine.gregor.mutators.returns.NullReturnValsMutator,deleteCommons,240,KILLED,edu.ucsb.cs156.happiercows.controllers.CommonsControllerTests.[engine:junit-jupiter]/[class:edu.ucsb.cs156.happiercows.controllers.CommonsControllerTests]/[method:deleteCommons_test_admin_exists()]
CommonsController.java,edu.ucsb.cs156.happiercows.controllers.CommonsController,org.pitest.mutationtest.engine.gregor.mutators.VoidMethodCallMutator,deleteUserFromCommon,255,KILLED,edu.ucsb.cs156.happiercows.controllers.CommonsControllerTests.[engine:junit-jupiter]/[class:edu.ucsb.cs156.happiercows.controllers.CommonsControllerTests]/[method:deleteUserFromCommonsTest()]
CommonsController.java,edu.ucsb.cs156.happiercows.controllers.CommonsController,org.pitest.mutationtest.engine.gregor.mutators.returns.NullReturnValsMutator,deleteUserFromCommon,259,KILLED,edu.ucsb.cs156.happiercows.controllers.CommonsControllerTests.[engine:junit-jupiter]/[class:edu.ucsb.cs156.happiercows.controllers.CommonsControllerTests]/[method:deleteUserFromCommonsTest()]
CommonsController.java,edu.ucsb.cs156.happiercows.controllers.CommonsController,org.pitest.mutationtest.engine.gregor.mutators.returns.NullReturnValsMutator,getCommons,50,KILLED,edu.ucsb.cs156.happiercows.controllers.CommonsControllerTests.[engine:junit-jupiter]/[class:edu.ucsb.cs156.happiercows.controllers.CommonsControllerTests]/[method:getCommonsTest()]
CommonsController.java,edu.ucsb.cs156.happiercows.controllers.CommonsController,org.pitest.mutationtest.engine.gregor.mutators.returns.NullReturnValsMutator,getCommonsById,138,KILLED,edu.ucsb.cs156.happiercows.controllers.CommonsControllerTests.[engine:junit-jupiter]/[class:edu.ucsb.cs156.happiercows.controllers.CommonsControllerTests]/[method:getCommonsByIdTest_valid()]
CommonsController.java,edu.ucsb.cs156.happiercows.controllers.CommonsController,org.pitest.mutationtest.engine.gregor.mutators.VoidMethodCallMutator,getCommonsPlus,62,KILLED,edu.ucsb.cs156.happiercows.controllers.CommonsControllerTests.[engine:junit-jupiter]/[class:edu.ucsb.cs156.happiercows.controllers.CommonsControllerTests]/[method:getCommonsPlusTest()]
CommonsController.java,edu.ucsb.cs156.happiercows.controllers.CommonsController,org.pitest.mutationtest.engine.gregor.mutators.returns.NullReturnValsMutator,getCommonsPlus,71,KILLED,edu.ucsb.cs156.happiercows.controllers.CommonsControllerTests.[engine:junit-jupiter]/[class:edu.ucsb.cs156.happiercows.controllers.CommonsControllerTests]/[method:getCommonsPlusTest()]
CommonsController.java,edu.ucsb.cs156.happiercows.controllers.CommonsController,org.pitest.mutationtest.engine.gregor.mutators.returns.NullReturnValsMutator,getCommonsPlusById,82,KILLED,edu.ucsb.cs156.happiercows.controllers.CommonsControllerTests.[engine:junit-jupiter]/[class:edu.ucsb.cs156.happiercows.controllers.CommonsControllerTests]/[method:getCommonsPlusByIdTest_valid()]
CommonsController.java,edu.ucsb.cs156.happiercows.controllers.CommonsController,org.pitest.mutationtest.engine.gregor.mutators.NegateConditionalsMutator,joinCommon,204,KILLED,edu.ucsb.cs156.happiercows.controllers.CommonsControllerTests.[engine:junit-jupiter]/[class:edu.ucsb.cs156.happiercows.controllers.CommonsControllerTests]/[method:joinCommonsTest()]
CommonsController.java,edu.ucsb.cs156.happiercows.controllers.CommonsController,org.pitest.mutationtest.engine.gregor.mutators.returns.NullReturnValsMutator,joinCommon,207,KILLED,edu.ucsb.cs156.happiercows.controllers.CommonsControllerTests.[engine:junit-jupiter]/[class:edu.ucsb.cs156.happiercows.controllers.CommonsControllerTests]/[method:already_joined_common_test()]
CommonsController.java,edu.ucsb.cs156.happiercows.controllers.CommonsController,org.pitest.mutationtest.engine.gregor.mutators.returns.NullReturnValsMutator,joinCommon,225,KILLED,edu.ucsb.cs156.happiercows.controllers.CommonsControllerTests.[engine:junit-jupiter]/[class:edu.ucsb.cs156.happiercows.controllers.CommonsControllerTests]/[method:joinCommonsTest()]
CommonsController.java,edu.ucsb.cs156.happiercows.controllers.CommonsController,org.pitest.mutationtest.engine.gregor.mutators.returns.NullReturnValsMutator,lambda$deleteCommons$4,235,KILLED,edu.ucsb.cs156.happiercows.controllers.CommonsControllerTests.[engine:junit-jupiter]/[class:edu.ucsb.cs156.happiercows.controllers.CommonsControllerTests]/[method:deleteCommons_test_admin_nonexists()]
CommonsController.java,edu.ucsb.cs156.happiercows.controllers.CommonsController,org.pitest.mutationtest.engine.gregor.mutators.returns.NullReturnValsMutator,lambda$deleteUserFromCommon$5,251,KILLED,edu.ucsb.cs156.happiercows.controllers.CommonsControllerTests.[engine:junit-jupiter]/[class:edu.ucsb.cs156.happiercows.controllers.CommonsControllerTests]/[method:deleteUserFromCommons_when_not_joined()]
CommonsController.java,edu.ucsb.cs156.happiercows.controllers.CommonsController,org.pitest.mutationtest.engine.gregor.mutators.returns.NullReturnValsMutator,lambda$getCommonsById$2,136,KILLED,edu.ucsb.cs156.happiercows.controllers.CommonsControllerTests.[engine:junit-jupiter]/[class:edu.ucsb.cs156.happiercows.controllers.CommonsControllerTests]/[method:getCommonsByIdTest_invalid()]
CommonsController.java,edu.ucsb.cs156.happiercows.controllers.CommonsController,org.pitest.mutationtest.engine.gregor.mutators.returns.NullReturnValsMutator,lambda$getCommonsPlus$0,65,KILLED,edu.ucsb.cs156.happiercows.controllers.CommonsControllerTests.[engine:junit-jupiter]/[class:edu.ucsb.cs156.happiercows.controllers.CommonsControllerTests]/[method:getCommonsPlusTest()]
CommonsController.java,edu.ucsb.cs156.happiercows.controllers.CommonsController,org.pitest.mutationtest.engine.gregor.mutators.returns.NullReturnValsMutator,lambda$getCommonsPlusById$1,80,KILLED,edu.ucsb.cs156.happiercows.controllers.CommonsControllerTests.[engine:junit-jupiter]/[class:edu.ucsb.cs156.happiercows.controllers.CommonsControllerTests]/[method:getCommonsPlusByIdTest_invalid()]
CommonsController.java,edu.ucsb.cs156.happiercows.controllers.CommonsController,org.pitest.mutationtest.engine.gregor.mutators.returns.NullReturnValsMutator,lambda$joinCommon$3,201,KILLED,edu.ucsb.cs156.happiercows.controllers.CommonsControllerTests.[engine:junit-jupiter]/[class:edu.ucsb.cs156.happiercows.controllers.CommonsControllerTests]/[method:join_when_commons_with_id_does_not_exist()]
CommonsController.java,edu.ucsb.cs156.happiercows.controllers.CommonsController,org.pitest.mutationtest.engine.gregor.mutators.returns.NullReturnValsMutator,listCowHealthUpdateStrategies,187,KILLED,edu.ucsb.cs156.happiercows.controllers.CommonsControllerTests.[engine:junit-jupiter]/[class:edu.ucsb.cs156.happiercows.controllers.CommonsControllerTests]/[method:getHealthUpdateStrategiesTest()]
CommonsController.java,edu.ucsb.cs156.happiercows.controllers.CommonsController,org.pitest.mutationtest.engine.gregor.mutators.returns.NullReturnValsMutator,toCommonsPlus,266,KILLED,edu.ucsb.cs156.happiercows.controllers.CommonsControllerTests.[engine:junit-jupiter]/[class:edu.ucsb.cs156.happiercows.controllers.CommonsControllerTests]/[method:getCommonsPlusTest()]
CommonsController.java,edu.ucsb.cs156.happiercows.controllers.CommonsController,org.pitest.mutationtest.engine.gregor.mutators.ConditionalsBoundaryMutator,updateCommons,120,KILLED,edu.ucsb.cs156.happiercows.controllers.CommonsControllerTests.[engine:junit-jupiter]/[class:edu.ucsb.cs156.happiercows.controllers.CommonsControllerTests]/[method:updateCommonsTest_withDegradationRate_Zero()]
CommonsController.java,edu.ucsb.cs156.happiercows.controllers.CommonsController,org.pitest.mutationtest.engine.gregor.mutators.NegateConditionalsMutator,updateCommons,97,KILLED,edu.ucsb.cs156.happiercows.controllers.CommonsControllerTests.[engine:junit-jupiter]/[class:edu.ucsb.cs156.happiercows.controllers.CommonsControllerTests]/[method:updateCommonsTest_withNoCowHealthUpdateStrategy()]
CommonsController.java,edu.ucsb.cs156.happiercows.controllers.CommonsController,org.pitest.mutationtest.engine.gregor.mutators.NegateConditionalsMutator,updateCommons,113,KILLED,edu.ucsb.cs156.happiercows.controllers.CommonsControllerTests.[engine:junit-jupiter]/[class:edu.ucsb.cs156.happiercows.controllers.CommonsControllerTests]/[method:updateCommonsTest_withNoCowHealthUpdateStrategy()]
CommonsController.java,edu.ucsb.cs156.happiercows.controllers.CommonsController,org.pitest.mutationtest.engine.gregor.mutators.NegateConditionalsMutator,updateCommons,116,KILLED,edu.ucsb.cs156.happiercows.controllers.CommonsControllerTests.[engine:junit-jupiter]/[class:edu.ucsb.cs156.happiercows.controllers.CommonsControllerTests]/[method:updateCommonsTest_withNoCowHealthUpdateStrategy()]
CommonsController.java,edu.ucsb.cs156.happiercows.controllers.CommonsController,org.pitest.mutationtest.engine.gregor.mutators.NegateConditionalsMutator,updateCommons,120,KILLED,edu.ucsb.cs156.happiercows.controllers.CommonsControllerTests.[engine:junit-jupiter]/[class:edu.ucsb.cs156.happiercows.controllers.CommonsControllerTests]/[method:updateCommonsTest_withNoCowHealthUpdateStrategy()]
CommonsController.java,edu.ucsb.cs156.happiercows.controllers.CommonsController,org.pitest.mutationtest.engine.gregor.mutators.VoidMethodCallMutator,updateCommons,105,KILLED,edu.ucsb.cs156.happiercows.controllers.CommonsControllerTests.[engine:junit-jupiter]/[class:edu.ucsb.cs156.happiercows.controllers.CommonsControllerTests]/[method:updateCommonsTest_withDegradationRate_Zero()]
CommonsController.java,edu.ucsb.cs156.happiercows.controllers.CommonsController,org.pitest.mutationtest.engine.gregor.mutators.VoidMethodCallMutator,updateCommons,106,KILLED,edu.ucsb.cs156.happiercows.controllers.CommonsControllerTests.[engine:junit-jupiter]/[class:edu.ucsb.cs156.happiercows.controllers.CommonsControllerTests]/[method:updateCommonsTest_withDegradationRate_Zero()]
CommonsController.java,edu.ucsb.cs156.happiercows.controllers.CommonsController,org.pitest.mutationtest.engine.gregor.mutators.VoidMethodCallMutator,updateCommons,107,KILLED,edu.ucsb.cs156.happiercows.controllers.CommonsControllerTests.[engine:junit-jupiter]/[class:edu.ucsb.cs156.happiercows.controllers.CommonsControllerTests]/[method:updateCommonsTest_withDegradationRate_Zero()]
CommonsController.java,edu.ucsb.cs156.happiercows.controllers.CommonsController,org.pitest.mutationtest.engine.gregor.mutators.VoidMethodCallMutator,updateCommons,108,KILLED,edu.ucsb.cs156.happiercows.controllers.CommonsControllerTests.[engine:junit-jupiter]/[class:edu.ucsb.cs156.happiercows.controllers.CommonsControllerTests]/[method:updateCommonsTest_withDegradationRate_Zero()]
CommonsController.java,edu.ucsb.cs156.happiercows.controllers.CommonsController,org.pitest.mutationtest.engine.gregor.mutators.VoidMethodCallMutator,updateCommons,109,KILLED,edu.ucsb.cs156.happiercows.controllers.CommonsControllerTests.[engine:junit-jupiter]/[class:edu.ucsb.cs156.happiercows.controllers.CommonsControllerTests]/[method:updateCommonsTest_withDegradationRate_Zero()]
CommonsController.java,edu.ucsb.cs156.happiercows.controllers.CommonsController,org.pitest.mutationtest.engine.gregor.mutators.VoidMethodCallMutator,updateCommons,110,KILLED,edu.ucsb.cs156.happiercows.controllers.CommonsControllerTests.[engine:junit-jupiter]/[class:edu.ucsb.cs156.happiercows.controllers.CommonsControllerTests]/[method:updateCommonsTest()]
CommonsController.java,edu.ucsb.cs156.happiercows.controllers.CommonsController,org.pitest.mutationtest.engine.gregor.mutators.VoidMethodCallMutator,updateCommons,111,KILLED,edu.ucsb.cs156.happiercows.controllers.CommonsControllerTests.[engine:junit-jupiter]/[class:edu.ucsb.cs156.happiercows.controllers.CommonsControllerTests]/[method:updateCommonsTest_withDegradationRate_Zero()]
CommonsController.java,edu.ucsb.cs156.happiercows.controllers.CommonsController,org.pitest.mutationtest.engine.gregor.mutators.VoidMethodCallMutator,updateCommons,112,KILLED,edu.ucsb.cs156.happiercows.controllers.CommonsControllerTests.[engine:junit-jupiter]/[class:edu.ucsb.cs156.happiercows.controllers.CommonsControllerTests]/[method:updateCommonsTest_withDegradationRate_Zero()]
CommonsController.java,edu.ucsb.cs156.happiercows.controllers.CommonsController,org.pitest.mutationtest.engine.gregor.mutators.VoidMethodCallMutator,updateCommons,114,KILLED,edu.ucsb.cs156.happiercows.controllers.CommonsControllerTests.[engine:junit-jupiter]/[class:edu.ucsb.cs156.happiercows.controllers.CommonsControllerTests]/[method:updateCommonsTest()]
CommonsController.java,edu.ucsb.cs156.happiercows.controllers.CommonsController,org.pitest.mutationtest.engine.gregor.mutators.VoidMethodCallMutator,updateCommons,117,KILLED,edu.ucsb.cs156.happiercows.controllers.CommonsControllerTests.[engine:junit-jupiter]/[class:edu.ucsb.cs156.happiercows.controllers.CommonsControllerTests]/[method:updateCommonsTest()]
CommonsController.java,edu.ucsb.cs156.happiercows.controllers.CommonsController,org.pitest.mutationtest.engine.gregor.mutators.returns.NullReturnValsMutator,updateCommons,126,KILLED,edu.ucsb.cs156.happiercows.controllers.CommonsControllerTests.[engine:junit-jupiter]/[class:edu.ucsb.cs156.happiercows.controllers.CommonsControllerTests]/[method:updateCommonsTest_withNoCowHealthUpdateStrategy()]
UserCommonsController.java,edu.ucsb.cs156.happiercows.controllers.UserCommonsController,org.pitest.mutationtest.engine.gregor.mutators.returns.NullReturnValsMutator,getUserCommonsById,72,KILLED,edu.ucsb.cs156.happiercows.controllers.UserCommonsControllerTests.[engine:junit-jupiter]/[class:edu.ucsb.cs156.happiercows.controllers.UserCommonsControllerTests]/[method:test_getUserCommonsById_exists()]
UserCommonsController.java,edu.ucsb.cs156.happiercows.controllers.UserCommonsController,org.pitest.mutationtest.engine.gregor.mutators.returns.NullReturnValsMutator,getUserCommonsById,58,KILLED,edu.ucsb.cs156.happiercows.controllers.UserCommonsControllerTests.[engine:junit-jupiter]/[class:edu.ucsb.cs156.happiercows.controllers.UserCommonsControllerTests]/[method:test_getUserCommonsById_exists_admin()]
UserCommonsController.java,edu.ucsb.cs156.happiercows.controllers.UserCommonsController,org.pitest.mutationtest.engine.gregor.mutators.returns.NullReturnValsMutator,getUsersCommonsByCommonsId,143,KILLED,edu.ucsb.cs156.happiercows.controllers.UserCommonsControllerTests.[engine:junit-jupiter]/[class:edu.ucsb.cs156.happiercows.controllers.UserCommonsControllerTests]/[method:test_Admin_getAllUserCommonsById_exists()]
UserCommonsController.java,edu.ucsb.cs156.happiercows.controllers.UserCommonsController,org.pitest.mutationtest.engine.gregor.mutators.returns.NullReturnValsMutator,lambda$getUserCommonsById$0,57,KILLED,edu.ucsb.cs156.happiercows.controllers.UserCommonsControllerTests.[engine:junit-jupiter]/[class:edu.ucsb.cs156.happiercows.controllers.UserCommonsControllerTests]/[method:test_getUserCommonsById_nonexists_admin()]
UserCommonsController.java,edu.ucsb.cs156.happiercows.controllers.UserCommonsController,org.pitest.mutationtest.engine.gregor.mutators.returns.NullReturnValsMutator,lambda$getUserCommonsById$1,71,KILLED,edu.ucsb.cs156.happiercows.controllers.UserCommonsControllerTests.[engine:junit-jupiter]/[class:edu.ucsb.cs156.happiercows.controllers.UserCommonsControllerTests]/[method:test_getUserCommonsById_nonexists()]
UserCommonsController.java,edu.ucsb.cs156.happiercows.controllers.UserCommonsController,org.pitest.mutationtest.engine.gregor.mutators.returns.NullReturnValsMutator,lambda$putUserCommonsByIdBuy$2,85,KILLED,edu.ucsb.cs156.happiercows.controllers.UserCommonsControllerTests.[engine:junit-jupiter]/[class:edu.ucsb.cs156.happiercows.controllers.UserCommonsControllerTests]/[method:test_buyCow_commons_does_not_exist()]
UserCommonsController.java,edu.ucsb.cs156.happiercows.controllers.UserCommonsController,org.pitest.mutationtest.engine.gregor.mutators.returns.NullReturnValsMutator,lambda$putUserCommonsByIdBuy$3,88,KILLED,edu.ucsb.cs156.happiercows.controllers.UserCommonsControllerTests.[engine:junit-jupiter]/[class:edu.ucsb.cs156.happiercows.controllers.UserCommonsControllerTests]/[method:test_buyCow_for_user_not_in_commons()]
UserCommonsController.java,edu.ucsb.cs156.happiercows.controllers.UserCommonsController,org.pitest.mutationtest.engine.gregor.mutators.returns.NullReturnValsMutator,lambda$putUserCommonsByIdSell$4,113,KILLED,edu.ucsb.cs156.happiercows.controllers.UserCommonsControllerTests.[engine:junit-jupiter]/[class:edu.ucsb.cs156.happiercows.controllers.UserCommonsControllerTests]/[method:test_sellCow_commons_does_not_exist()]
UserCommonsController.java,edu.ucsb.cs156.happiercows.controllers.UserCommonsController,org.pitest.mutationtest.engine.gregor.mutators.returns.NullReturnValsMutator,lambda$putUserCommonsByIdSell$5,116,KILLED,edu.ucsb.cs156.happiercows.controllers.UserCommonsControllerTests.[engine:junit-jupiter]/[class:edu.ucsb.cs156.happiercows.controllers.UserCommonsControllerTests]/[method:test_sellCow_for_user_not_in_commons()]
UserCommonsController.java,edu.ucsb.cs156.happiercows.controllers.UserCommonsController,org.pitest.mutationtest.engine.gregor.mutators.ConditionalsBoundaryMutator,putUserCommonsByIdBuy,90,KILLED,edu.ucsb.cs156.happiercows.controllers.UserCommonsControllerTests.[engine:junit-jupiter]/[class:edu.ucsb.cs156.happiercows.controllers.UserCommonsControllerTests]/[method:test_BuyCow_commons_exists_user_has_exact_amount_needed()]
UserCommonsController.java,edu.ucsb.cs156.happiercows.controllers.UserCommonsController,org.pitest.mutationtest.engine.gregor.mutators.MathMutator,putUserCommonsByIdBuy,91,KILLED,edu.ucsb.cs156.happiercows.controllers.UserCommonsControllerTests.[engine:junit-jupiter]/[class:edu.ucsb.cs156.happiercows.controllers.UserCommonsControllerTests]/[method:test_BuyCow_commons_exists()]
UserCommonsController.java,edu.ucsb.cs156.happiercows.controllers.UserCommonsController,org.pitest.mutationtest.engine.gregor.mutators.MathMutator,putUserCommonsByIdBuy,92,KILLED,edu.ucsb.cs156.happiercows.controllers.UserCommonsControllerTests.[engine:junit-jupiter]/[class:edu.ucsb.cs156.happiercows.controllers.UserCommonsControllerTests]/[method:test_BuyCow_commons_exists()]
UserCommonsController.java,edu.ucsb.cs156.happiercows.controllers.UserCommonsController,org.pitest.mutationtest.engine.gregor.mutators.MathMutator,putUserCommonsByIdBuy,93,KILLED,edu.ucsb.cs156.happiercows.controllers.UserCommonsControllerTests.[engine:junit-jupiter]/[class:edu.ucsb.cs156.happiercows.controllers.UserCommonsControllerTests]/[method:test_BuyCow_commons_exists()]
UserCommonsController.java,edu.ucsb.cs156.happiercows.controllers.UserCommonsController,org.pitest.mutationtest.engine.gregor.mutators.NegateConditionalsMutator,putUserCommonsByIdBuy,90,KILLED,edu.ucsb.cs156.happiercows.controllers.UserCommonsControllerTests.[engine:junit-jupiter]/[class:edu.ucsb.cs156.happiercows.controllers.UserCommonsControllerTests]/[method:test_BuyCow_commons_exists_not_enough_money()]
UserCommonsController.java,edu.ucsb.cs156.happiercows.controllers.UserCommonsController,org.pitest.mutationtest.engine.gregor.mutators.VoidMethodCallMutator,putUserCommonsByIdBuy,91,KILLED,edu.ucsb.cs156.happiercows.controllers.UserCommonsControllerTests.[engine:junit-jupiter]/[class:edu.ucsb.cs156.happiercows.controllers.UserCommonsControllerTests]/[method:test_BuyCow_commons_exists()]
UserCommonsController.java,edu.ucsb.cs156.happiercows.controllers.UserCommonsController,org.pitest.mutationtest.engine.gregor.mutators.VoidMethodCallMutator,putUserCommonsByIdBuy,92,KILLED,edu.ucsb.cs156.happiercows.controllers.UserCommonsControllerTests.[engine:junit-jupiter]/[class:edu.ucsb.cs156.happiercows.controllers.UserCommonsControllerTests]/[method:test_BuyCow_commons_exists()]
UserCommonsController.java,edu.ucsb.cs156.happiercows.controllers.UserCommonsController,org.pitest.mutationtest.engine.gregor.mutators.VoidMethodCallMutator,putUserCommonsByIdBuy,93,KILLED,edu.ucsb.cs156.happiercows.controllers.UserCommonsControllerTests.[engine:junit-jupiter]/[class:edu.ucsb.cs156.happiercows.controllers.UserCommonsControllerTests]/[method:test_BuyCow_commons_exists()]
UserCommonsController.java,edu.ucsb.cs156.happiercows.controllers.UserCommonsController,org.pitest.mutationtest.engine.gregor.mutators.returns.NullReturnValsMutator,putUserCommonsByIdBuy,101,KILLED,edu.ucsb.cs156.happiercows.controllers.UserCommonsControllerTests.[engine:junit-jupiter]/[class:edu.ucsb.cs156.happiercows.controllers.UserCommonsControllerTests]/[method:test_BuyCow_commons_exists()]
UserCommonsController.java,edu.ucsb.cs156.happiercows.controllers.UserCommonsController,org.pitest.mutationtest.engine.gregor.mutators.ConditionalsBoundaryMutator,putUserCommonsByIdSell,119,KILLED,edu.ucsb.cs156.happiercows.controllers.UserCommonsControllerTests.[engine:junit-jupiter]/[class:edu.ucsb.cs156.happiercows.controllers.UserCommonsControllerTests]/[method:test_SellCow_commons_exists()]
UserCommonsController.java,edu.ucsb.cs156.happiercows.controllers.UserCommonsController,org.pitest.mutationtest.engine.gregor.mutators.MathMutator,putUserCommonsByIdSell,120,KILLED,edu.ucsb.cs156.happiercows.controllers.UserCommonsControllerTests.[engine:junit-jupiter]/[class:edu.ucsb.cs156.happiercows.controllers.UserCommonsControllerTests]/[method:test_SellCow_commons_exists()]
UserCommonsController.java,edu.ucsb.cs156.happiercows.controllers.UserCommonsController,org.pitest.mutationtest.engine.gregor.mutators.MathMutator,putUserCommonsByIdSell,121,KILLED,edu.ucsb.cs156.happiercows.controllers.UserCommonsControllerTests.[engine:junit-jupiter]/[class:edu.ucsb.cs156.happiercows.controllers.UserCommonsControllerTests]/[method:test_SellCow_commons_exists()]
UserCommonsController.java,edu.ucsb.cs156.happiercows.controllers.UserCommonsController,org.pitest.mutationtest.engine.gregor.mutators.MathMutator,putUserCommonsByIdSell,122,KILLED,edu.ucsb.cs156.happiercows.controllers.UserCommonsControllerTests.[engine:junit-jupiter]/[class:edu.ucsb.cs156.happiercows.controllers.UserCommonsControllerTests]/[method:test_SellCow_commons_exists()]
UserCommonsController.java,edu.ucsb.cs156.happiercows.controllers.UserCommonsController,org.pitest.mutationtest.engine.gregor.mutators.NegateConditionalsMutator,putUserCommonsByIdSell,119,KILLED,edu.ucsb.cs156.happiercows.controllers.UserCommonsControllerTests.[engine:junit-jupiter]/[class:edu.ucsb.cs156.happiercows.controllers.UserCommonsControllerTests]/[method:test_SellCow_commons_exists_no_cow_to_sell()]
UserCommonsController.java,edu.ucsb.cs156.happiercows.controllers.UserCommonsController,org.pitest.mutationtest.engine.gregor.mutators.VoidMethodCallMutator,putUserCommonsByIdSell,120,KILLED,edu.ucsb.cs156.happiercows.controllers.UserCommonsControllerTests.[engine:junit-jupiter]/[class:edu.ucsb.cs156.happiercows.controllers.UserCommonsControllerTests]/[method:test_SellCow_commons_exists()]
UserCommonsController.java,edu.ucsb.cs156.happiercows.controllers.UserCommonsController,org.pitest.mutationtest.engine.gregor.mutators.VoidMethodCallMutator,putUserCommonsByIdSell,121,KILLED,edu.ucsb.cs156.happiercows.controllers.UserCommonsControllerTests.[engine:junit-jupiter]/[class:edu.ucsb.cs156.happiercows.controllers.UserCommonsControllerTests]/[method:test_SellCow_commons_exists()]
UserCommonsController.java,edu.ucsb.cs156.happiercows.controllers.UserCommonsController,org.pitest.mutationtest.engine.gregor.mutators.VoidMethodCallMutator,putUserCommonsByIdSell,122,KILLED,edu.ucsb.cs156.happiercows.controllers.UserCommonsControllerTests.[engine:junit-jupiter]/[class:edu.ucsb.cs156.happiercows.controllers.UserCommonsControllerTests]/[method:test_SellCow_commons_exists()]
UserCommonsController.java,edu.ucsb.cs156.happiercows.controllers.UserCommonsController,org.pitest.mutationtest.engine.gregor.mutators.returns.NullReturnValsMutator,putUserCommonsByIdSell,130,KILLED,edu.ucsb.cs156.happiercows.controllers.UserCommonsControllerTests.[engine:junit-jupiter]/[class:edu.ucsb.cs156.happiercows.controllers.UserCommonsControllerTests]/[method:test_SellCow_commons_exists()]
UpdateCowHealthJob.java,edu.ucsb.cs156.happiercows.jobs.UpdateCowHealthJob,org.pitest.mutationtest.engine.gregor.mutators.ConditionalsBoundaryMutator,accept,45,KILLED,edu.ucsb.cs156.happiercows.jobs.UpdateCowHealthJobTests.[engine:junit-jupiter]/[class:edu.ucsb.cs156.happiercows.jobs.UpdateCowHealthJobTests]/[method:test_uses_below_capacity_update_strategy_if_equal_to_carrying_capacity()]
UpdateCowHealthJob.java,edu.ucsb.cs156.happiercows.jobs.UpdateCowHealthJob,org.pitest.mutationtest.engine.gregor.mutators.NegateConditionalsMutator,accept,35,KILLED,edu.ucsb.cs156.happiercows.jobs.UpdateCowHealthJobTests.[engine:junit-jupiter]/[class:edu.ucsb.cs156.happiercows.jobs.UpdateCowHealthJobTests]/[method:test_skipping_job_when_commons_has_zero_users()]
UpdateCowHealthJob.java,edu.ucsb.cs156.happiercows.jobs.UpdateCowHealthJob,org.pitest.mutationtest.engine.gregor.mutators.NegateConditionalsMutator,accept,45,KILLED,edu.ucsb.cs156.happiercows.jobs.UpdateCowHealthJobTests.[engine:junit-jupiter]/[class:edu.ucsb.cs156.happiercows.jobs.UpdateCowHealthJobTests]/[method:test_uses_below_capacity_update_strategy_if_equal_to_carrying_capacity()]
UpdateCowHealthJob.java,edu.ucsb.cs156.happiercows.jobs.UpdateCowHealthJob,org.pitest.mutationtest.engine.gregor.mutators.NegateConditionalsMutator,accept,46,KILLED,edu.ucsb.cs156.happiercows.jobs.UpdateCowHealthJobTests.[engine:junit-jupiter]/[class:edu.ucsb.cs156.happiercows.jobs.UpdateCowHealthJobTests]/[method:test_uses_below_capacity_update_strategy_if_equal_to_carrying_capacity()]
UpdateCowHealthJob.java,edu.ucsb.cs156.happiercows.jobs.UpdateCowHealthJob,org.pitest.mutationtest.engine.gregor.mutators.VoidMethodCallMutator,accept,27,KILLED,edu.ucsb.cs156.happiercows.jobs.UpdateCowHealthJobTests.[engine:junit-jupiter]/[class:edu.ucsb.cs156.happiercows.jobs.UpdateCowHealthJobTests]/[method:test_log_output_with_no_commons()]
UpdateCowHealthJob.java,edu.ucsb.cs156.happiercows.jobs.UpdateCowHealthJob,org.pitest.mutationtest.engine.gregor.mutators.VoidMethodCallMutator,accept,32,KILLED,edu.ucsb.cs156.happiercows.jobs.UpdateCowHealthJobTests.[engine:junit-jupiter]/[class:edu.ucsb.cs156.happiercows.jobs.UpdateCowHealthJobTests]/[method:test_skipping_job_when_commons_has_zero_users()]
UpdateCowHealthJob.java,edu.ucsb.cs156.happiercows.jobs.UpdateCowHealthJob,org.pitest.mutationtest.engine.gregor.mutators.VoidMethodCallMutator,accept,36,KILLED,edu.ucsb.cs156.happiercows.jobs.UpdateCowHealthJobTests.[engine:junit-jupiter]/[class:edu.ucsb.cs156.happiercows.jobs.UpdateCowHealthJobTests]/[method:test_skipping_job_when_commons_has_zero_users()]
UpdateCowHealthJob.java,edu.ucsb.cs156.happiercows.jobs.UpdateCowHealthJob,org.pitest.mutationtest.engine.gregor.mutators.VoidMethodCallMutator,accept,51,KILLED,edu.ucsb.cs156.happiercows.jobs.UpdateCowHealthJobTests.[engine:junit-jupiter]/[class:edu.ucsb.cs156.happiercows.jobs.UpdateCowHealthJobTests]/[method:test_uses_below_capacity_update_strategy_if_equal_to_carrying_capacity()]
UpdateCowHealthJob.java,edu.ucsb.cs156.happiercows.jobs.UpdateCowHealthJob,org.pitest.mutationtest.engine.gregor.mutators.VoidMethodCallMutator,accept,54,KILLED,edu.ucsb.cs156.happiercows.jobs.UpdateCowHealthJobTests.[engine:junit-jupiter]/[class:edu.ucsb.cs156.happiercows.jobs.UpdateCowHealthJobTests]/[method:test_uses_below_capacity_update_strategy_if_equal_to_carrying_capacity()]
UpdateCowHealthJob.java,edu.ucsb.cs156.happiercows.jobs.UpdateCowHealthJob,org.pitest.mutationtest.engine.gregor.mutators.VoidMethodCallMutator,accept,55,KILLED,edu.ucsb.cs156.happiercows.jobs.UpdateCowHealthJobTests.[engine:junit-jupiter]/[class:edu.ucsb.cs156.happiercows.jobs.UpdateCowHealthJobTests]/[method:test_cowDeaths_in_job_context()]
UpdateCowHealthJob.java,edu.ucsb.cs156.happiercows.jobs.UpdateCowHealthJob,org.pitest.mutationtest.engine.gregor.mutators.VoidMethodCallMutator,accept,57,KILLED,edu.ucsb.cs156.happiercows.jobs.UpdateCowHealthJobTests.[engine:junit-jupiter]/[class:edu.ucsb.cs156.happiercows.jobs.UpdateCowHealthJobTests]/[method:test_uses_below_capacity_update_strategy_if_equal_to_carrying_capacity()]
UpdateCowHealthJob.java,edu.ucsb.cs156.happiercows.jobs.UpdateCowHealthJob,org.pitest.mutationtest.engine.gregor.mutators.VoidMethodCallMutator,accept,62,KILLED,edu.ucsb.cs156.happiercows.jobs.UpdateCowHealthJobTests.[engine:junit-jupiter]/[class:edu.ucsb.cs156.happiercows.jobs.UpdateCowHealthJobTests]/[method:test_log_output_with_no_commons()]
UpdateCowHealthJob.java,edu.ucsb.cs156.happiercows.jobs.UpdateCowHealthJob,org.pitest.mutationtest.engine.gregor.mutators.MathMutator,calculateCowDeaths,78,KILLED,edu.ucsb.cs156.happiercows.jobs.UpdateCowHealthJobTests.[engine:junit-jupiter]/[class:edu.ucsb.cs156.happiercows.jobs.UpdateCowHealthJobTests]/[method:test_calculateCowDeaths_health_zero()]
UpdateCowHealthJob.java,edu.ucsb.cs156.happiercows.jobs.UpdateCowHealthJob,org.pitest.mutationtest.engine.gregor.mutators.NegateConditionalsMutator,calculateCowDeaths,77,KILLED,edu.ucsb.cs156.happiercows.jobs.UpdateCowHealthJobTests.[engine:junit-jupiter]/[class:edu.ucsb.cs156.happiercows.jobs.UpdateCowHealthJobTests]/[method:test_calculateCowDeaths_health_nonZero()]
UpdateCowHealthJob.java,edu.ucsb.cs156.happiercows.jobs.UpdateCowHealthJob,org.pitest.mutationtest.engine.gregor.mutators.VoidMethodCallMutator,calculateCowDeaths,78,KILLED,edu.ucsb.cs156.happiercows.jobs.UpdateCowHealthJobTests.[engine:junit-jupiter]/[class:edu.ucsb.cs156.happiercows.jobs.UpdateCowHealthJobTests]/[method:test_calculateCowDeaths_health_zero()]
UpdateCowHealthJob.java,edu.ucsb.cs156.happiercows.jobs.UpdateCowHealthJob,org.pitest.mutationtest.engine.gregor.mutators.VoidMethodCallMutator,calculateCowDeaths,79,KILLED,edu.ucsb.cs156.happiercows.jobs.UpdateCowHealthJobTests.[engine:junit-jupiter]/[class:edu.ucsb.cs156.happiercows.jobs.UpdateCowHealthJobTests]/[method:test_calculateCowDeaths_health_zero()]
UpdateCowHealthJob.java,edu.ucsb.cs156.happiercows.jobs.UpdateCowHealthJob,org.pitest.mutationtest.engine.gregor.mutators.VoidMethodCallMutator,calculateCowDeaths,80,KILLED,edu.ucsb.cs156.happiercows.jobs.UpdateCowHealthJobTests.[engine:junit-jupiter]/[class:edu.ucsb.cs156.happiercows.jobs.UpdateCowHealthJobTests]/[method:test_calculateCowDeaths_health_zero()]
UpdateCowHealthJob.java,edu.ucsb.cs156.happiercows.jobs.UpdateCowHealthJob,org.pitest.mutationtest.engine.gregor.mutators.VoidMethodCallMutator,calculateCowDeaths,82,KILLED,edu.ucsb.cs156.happiercows.jobs.UpdateCowHealthJobTests.[engine:junit-jupiter]/[class:edu.ucsb.cs156.happiercows.jobs.UpdateCowHealthJobTests]/[method:test_cowDeaths_in_job_context()]
UpdateCowHealthJob.java,edu.ucsb.cs156.happiercows.jobs.UpdateCowHealthJob,org.pitest.mutationtest.engine.gregor.mutators.returns.PrimitiveReturnsMutator,calculateNewCowHealthUsingStrategy,73,KILLED,edu.ucsb.cs156.happiercows.jobs.UpdateCowHealthJobTests.[engine:junit-jupiter]/[class:edu.ucsb.cs156.happiercows.jobs.UpdateCowHealthJobTests]/[method:test_cow_health_maximum_is_100()]
UpdateCowHealthJob.java,edu.ucsb.cs156.happiercows.jobs.UpdateCowHealthJob,org.pitest.mutationtest.engine.gregor.mutators.returns.NullReturnValsMutator,lambda$accept$0,33,KILLED,edu.ucsb.cs156.happiercows.jobs.UpdateCowHealthJobTests.[engine:junit-jupiter]/[class:edu.ucsb.cs156.happiercows.jobs.UpdateCowHealthJobTests]/[method:test_throws_exception_when_get_num_users_fails()]
UpdateCowHealthJob.java,edu.ucsb.cs156.happiercows.jobs.UpdateCowHealthJob,org.pitest.mutationtest.engine.gregor.mutators.returns.NullReturnValsMutator,lambda$accept$1,43,KILLED,edu.ucsb.cs156.happiercows.jobs.UpdateCowHealthJobTests.[engine:junit-jupiter]/[class:edu.ucsb.cs156.happiercows.jobs.UpdateCowHealthJobTests]/[method:test_throws_exception_when_get_num_cows_fails()]
MilkTheCowsJob.java,edu.ucsb.cs156.happiercows.jobs.MilkTheCowsJob,org.pitest.mutationtest.engine.gregor.mutators.VoidMethodCallMutator,accept,36,KILLED,edu.ucsb.cs156.happiercows.jobs.MilkTheCowsJobTests.[engine:junit-jupiter]/[class:edu.ucsb.cs156.happiercows.jobs.MilkTheCowsJobTests]/[method:test_log_output_no_commons()]
MilkTheCowsJob.java,edu.ucsb.cs156.happiercows.jobs.MilkTheCowsJob,org.pitest.mutationtest.engine.gregor.mutators.VoidMethodCallMutator,accept,43,KILLED,edu.ucsb.cs156.happiercows.jobs.MilkTheCowsJobTests.[engine:junit-jupiter]/[class:edu.ucsb.cs156.happiercows.jobs.MilkTheCowsJobTests]/[method:test_log_output_with_commons_and_user_commons()]
MilkTheCowsJob.java,edu.ucsb.cs156.happiercows.jobs.MilkTheCowsJob,org.pitest.mutationtest.engine.gregor.mutators.VoidMethodCallMutator,accept,48,KILLED,edu.ucsb.cs156.happiercows.jobs.MilkTheCowsJobTests.[engine:junit-jupiter]/[class:edu.ucsb.cs156.happiercows.jobs.MilkTheCowsJobTests]/[method:test_log_output_with_commons_and_user_commons()]
MilkTheCowsJob.java,edu.ucsb.cs156.happiercows.jobs.MilkTheCowsJob,org.pitest.mutationtest.engine.gregor.mutators.VoidMethodCallMutator,accept,52,KILLED,edu.ucsb.cs156.happiercows.jobs.MilkTheCowsJobTests.[engine:junit-jupiter]/[class:edu.ucsb.cs156.happiercows.jobs.MilkTheCowsJobTests]/[method:test_log_output_no_commons()]
MilkTheCowsJob.java,edu.ucsb.cs156.happiercows.jobs.MilkTheCowsJob,org.pitest.mutationtest.engine.gregor.mutators.MathMutator,calculateMilkingProfit,96,KILLED,edu.ucsb.cs156.happiercows.jobs.MilkTheCowsJobTests.[engine:junit-jupiter]/[class:edu.ucsb.cs156.happiercows.jobs.MilkTheCowsJobTests]/[method:test_log_output_with_commons_and_user_commons()]
MilkTheCowsJob.java,edu.ucsb.cs156.happiercows.jobs.MilkTheCowsJob,org.pitest.mutationtest.engine.gregor.mutators.MathMutator,calculateMilkingProfit,96,KILLED,edu.ucsb.cs156.happiercows.jobs.MilkTheCowsJobTests.[engine:junit-jupiter]/[class:edu.ucsb.cs156.happiercows.jobs.MilkTheCowsJobTests]/[method:test_log_output_with_commons_and_user_commons()]
MilkTheCowsJob.java,edu.ucsb.cs156.happiercows.jobs.MilkTheCowsJob,org.pitest.mutationtest.engine.gregor.mutators.MathMutator,calculateMilkingProfit,96,KILLED,edu.ucsb.cs156.happiercows.jobs.MilkTheCowsJobTests.[engine:junit-jupiter]/[class:edu.ucsb.cs156.happiercows.jobs.MilkTheCowsJobTests]/[method:test_log_output_with_commons_and_user_commons()]
MilkTheCowsJob.java,edu.ucsb.cs156.happiercows.jobs.MilkTheCowsJob,org.pitest.mutationtest.engine.gregor.mutators.returns.PrimitiveReturnsMutator,calculateMilkingProfit,97,KILLED,edu.ucsb.cs156.happiercows.jobs.MilkTheCowsJobTests.[engine:junit-jupiter]/[class:edu.ucsb.cs156.happiercows.jobs.MilkTheCowsJobTests]/[method:test_log_output_with_commons_and_user_commons()]
MilkTheCowsJob.java,edu.ucsb.cs156.happiercows.jobs.MilkTheCowsJob,org.pitest.mutationtest.engine.gregor.mutators.returns.EmptyObjectReturnValsMutator,formatDollars,31,KILLED,edu.ucsb.cs156.happiercows.jobs.MilkTheCowsJobTests.[engine:junit-jupiter]/[class:edu.ucsb.cs156.happiercows.jobs.MilkTheCowsJobTests]/[method:test_log_output_with_commons_and_user_commons()]
MilkTheCowsJob.java,edu.ucsb.cs156.happiercows.jobs.MilkTheCowsJob,org.pitest.mutationtest.engine.gregor.mutators.MathMutator,milkCows,79,KILLED,edu.ucsb.cs156.happiercows.jobs.MilkTheCowsJobTests.[engine:junit-jupiter]/[class:edu.ucsb.cs156.happiercows.jobs.MilkTheCowsJobTests]/[method:test_log_output_with_commons_and_user_commons()]
MilkTheCowsJob.java,edu.ucsb.cs156.happiercows.jobs.MilkTheCowsJob,org.pitest.mutationtest.engine.gregor.mutators.VoidMethodCallMutator,milkCows,66,KILLED,edu.ucsb.cs156.happiercows.jobs.MilkTheCowsJobTests.[engine:junit-jupiter]/[class:edu.ucsb.cs156.happiercows.jobs.MilkTheCowsJobTests]/[method:test_log_output_with_commons_and_user_commons()]
MilkTheCowsJob.java,edu.ucsb.cs156.happiercows.jobs.MilkTheCowsJob,org.pitest.mutationtest.engine.gregor.mutators.VoidMethodCallMutator,milkCows,80,KILLED,edu.ucsb.cs156.happiercows.jobs.MilkTheCowsJobTests.[engine:junit-jupiter]/[class:edu.ucsb.cs156.happiercows.jobs.MilkTheCowsJobTests]/[method:test_milk_cows()]
MilkTheCowsJob.java,edu.ucsb.cs156.happiercows.jobs.MilkTheCowsJob,org.pitest.mutationtest.engine.gregor.mutators.VoidMethodCallMutator,milkCows,83,KILLED,edu.ucsb.cs156.happiercows.jobs.MilkTheCowsJobTests.[engine:junit-jupiter]/[class:edu.ucsb.cs156.happiercows.jobs.MilkTheCowsJobTests]/[method:test_log_output_with_commons_and_user_commons()]
SetCowHealthJob.java,edu.ucsb.cs156.happiercows.jobs.SetCowHealthJob,org.pitest.mutationtest.engine.gregor.mutators.NegateConditionalsMutator,accept,37,KILLED,edu.ucsb.cs156.happiercows.jobs.SetCowHealthJobTests.[engine:junit-jupiter]/[class:edu.ucsb.cs156.happiercows.jobs.SetCowHealthJobTests]/[method:error_msg_when_no_commons_found()]
SetCowHealthJob.java,edu.ucsb.cs156.happiercows.jobs.SetCowHealthJob,org.pitest.mutationtest.engine.gregor.mutators.VoidMethodCallMutator,accept,32,KILLED,edu.ucsb.cs156.happiercows.jobs.SetCowHealthJobTests.[engine:junit-jupiter]/[class:edu.ucsb.cs156.happiercows.jobs.SetCowHealthJobTests]/[method:error_msg_when_no_commons_found()]
SetCowHealthJob.java,edu.ucsb.cs156.happiercows.jobs.SetCowHealthJob,org.pitest.mutationtest.engine.gregor.mutators.VoidMethodCallMutator,accept,38,KILLED,edu.ucsb.cs156.happiercows.jobs.SetCowHealthJobTests.[engine:junit-jupiter]/[class:edu.ucsb.cs156.happiercows.jobs.SetCowHealthJobTests]/[method:test_updating_to_new_values_for_multiple()]
SetCowHealthJob.java,edu.ucsb.cs156.happiercows.jobs.SetCowHealthJob,org.pitest.mutationtest.engine.gregor.mutators.VoidMethodCallMutator,accept,44,KILLED,edu.ucsb.cs156.happiercows.jobs.SetCowHealthJobTests.[engine:junit-jupiter]/[class:edu.ucsb.cs156.happiercows.jobs.SetCowHealthJobTests]/[method:test_updating_to_new_values_for_multiple()]
SetCowHealthJob.java,edu.ucsb.cs156.happiercows.jobs.SetCowHealthJob,org.pitest.mutationtest.engine.gregor.mutators.VoidMethodCallMutator,accept,45,KILLED,edu.ucsb.cs156.happiercows.jobs.SetCowHealthJobTests.[engine:junit-jupiter]/[class:edu.ucsb.cs156.happiercows.jobs.SetCowHealthJobTests]/[method:test_updating_to_new_values_for_multiple()]
SetCowHealthJob.java,edu.ucsb.cs156.happiercows.jobs.SetCowHealthJob,org.pitest.mutationtest.engine.gregor.mutators.VoidMethodCallMutator,accept,46,KILLED,edu.ucsb.cs156.happiercows.jobs.SetCowHealthJobTests.[engine:junit-jupiter]/[class:edu.ucsb.cs156.happiercows.jobs.SetCowHealthJobTests]/[method:test_updating_to_new_values_for_multiple()]
SetCowHealthJob.java,edu.ucsb.cs156.happiercows.jobs.SetCowHealthJob,org.pitest.mutationtest.engine.gregor.mutators.VoidMethodCallMutator,accept,50,KILLED,edu.ucsb.cs156.happiercows.jobs.SetCowHealthJobTests.[engine:junit-jupiter]/[class:edu.ucsb.cs156.happiercows.jobs.SetCowHealthJobTests]/[method:test_updating_to_new_values_for_multiple()]
SetCowHealthJob.java,edu.ucsb.cs156.happiercows.jobs.SetCowHealthJob,org.pitest.mutationtest.engine.gregor.mutators.VoidMethodCallMutator,accept,52,KILLED,edu.ucsb.cs156.happiercows.jobs.SetCowHealthJobTests.[engine:junit-jupiter]/[class:edu.ucsb.cs156.happiercows.jobs.SetCowHealthJobTests]/[method:error_msg_when_no_commons_found()]
ReportCSVHelper.java,edu.ucsb.cs156.happiercows.helpers.ReportCSVHelper,org.pitest.mutationtest.engine.gregor.mutators.VoidMethodCallMutator,flush_and_close_noPitest,33,SURVIVED,none
ReportCSVHelper.java,edu.ucsb.cs156.happiercows.helpers.ReportCSVHelper,org.pitest.mutationtest.engine.gregor.mutators.VoidMethodCallMutator,flush_and_close_noPitest,34,SURVIVED,none
ReportCSVHelper.java,edu.ucsb.cs156.happiercows.helpers.ReportCSVHelper,org.pitest.mutationtest.engine.gregor.mutators.VoidMethodCallMutator,flush_and_close_noPitest,35,SURVIVED,none
ReportCSVHelper.java,edu.ucsb.cs156.happiercows.helpers.ReportCSVHelper,org.pitest.mutationtest.engine.gregor.mutators.VoidMethodCallMutator,flush_and_close_noPitest,36,SURVIVED,none
ReportCSVHelper.java,edu.ucsb.cs156.happiercows.helpers.ReportCSVHelper,org.pitest.mutationtest.engine.gregor.mutators.VoidMethodCallMutator,toCSV,59,KILLED,edu.ucsb.cs156.happiercows.controllers.ReportsControllerTests.[engine:junit-jupiter]/[class:edu.ucsb.cs156.happiercows.controllers.ReportsControllerTests]/[method:test_get_csv()]
ReportCSVHelper.java,edu.ucsb.cs156.happiercows.helpers.ReportCSVHelper,org.pitest.mutationtest.engine.gregor.mutators.VoidMethodCallMutator,toCSV,74,KILLED,edu.ucsb.cs156.happiercows.controllers.ReportsControllerTests.[engine:junit-jupiter]/[class:edu.ucsb.cs156.happiercows.controllers.ReportsControllerTests]/[method:test_get_csv()]
ReportCSVHelper.java,edu.ucsb.cs156.happiercows.helpers.ReportCSVHelper,org.pitest.mutationtest.engine.gregor.mutators.VoidMethodCallMutator,toCSV,77,KILLED,edu.ucsb.cs156.happiercows.controllers.ReportsControllerTests.[engine:junit-jupiter]/[class:edu.ucsb.cs156.happiercows.controllers.ReportsControllerTests]/[method:test_get_csv()]
ReportCSVHelper.java,edu.ucsb.cs156.happiercows.helpers.ReportCSVHelper,org.pitest.mutationtest.engine.gregor.mutators.returns.NullReturnValsMutator,toCSV,78,KILLED,edu.ucsb.cs156.happiercows.controllers.ReportsControllerTests.[engine:junit-jupiter]/[class:edu.ucsb.cs156.happiercows.controllers.ReportsControllerTests]/[method:test_get_csv()]
JobsController.java,edu.ucsb.cs156.happiercows.controllers.JobsController,org.pitest.mutationtest.engine.gregor.mutators.returns.NullReturnValsMutator,allJobs,71,KILLED,edu.ucsb.cs156.happiercows.controllers.JobsControllerTests.[engine:junit-jupiter]/[class:edu.ucsb.cs156.happiercows.controllers.JobsControllerTests]/[method:admin_can_get_all_jobs()]
JobsController.java,edu.ucsb.cs156.happiercows.controllers.JobsController,org.pitest.mutationtest.engine.gregor.mutators.returns.NullReturnValsMutator,instructorReport,124,KILLED,edu.ucsb.cs156.happiercows.controllers.JobsControllerTests.[engine:junit-jupiter]/[class:edu.ucsb.cs156.happiercows.controllers.JobsControllerTests]/[method:admin_can_launch_instructor_report_job()]
JobsController.java,edu.ucsb.cs156.happiercows.controllers.JobsController,org.pitest.mutationtest.engine.gregor.mutators.returns.NullReturnValsMutator,instructorReportSingleCommons,135,KILLED,edu.ucsb.cs156.happiercows.controllers.JobsControllerTests.[engine:junit-jupiter]/[class:edu.ucsb.cs156.happiercows.controllers.JobsControllerTests]/[method:admin_can_launch_instructor_report_single_commons_job()]
JobsController.java,edu.ucsb.cs156.happiercows.controllers.JobsController,org.pitest.mutationtest.engine.gregor.mutators.returns.NullReturnValsMutator,launchTestJob,95,KILLED,edu.ucsb.cs156.happiercows.controllers.JobsControllerTests.[engine:junit-jupiter]/[class:edu.ucsb.cs156.happiercows.controllers.JobsControllerTests]/[method:admin_can_launch_milk_the_cows_job()]
JobsController.java,edu.ucsb.cs156.happiercows.controllers.JobsController,org.pitest.mutationtest.engine.gregor.mutators.returns.NullReturnValsMutator,launchTestJob,86,KILLED,edu.ucsb.cs156.happiercows.controllers.JobsControllerTests.[engine:junit-jupiter]/[class:edu.ucsb.cs156.happiercows.controllers.JobsControllerTests]/[method:admin_can_launch_test_job()]
JobsController.java,edu.ucsb.cs156.happiercows.controllers.JobsController,org.pitest.mutationtest.engine.gregor.mutators.returns.NullReturnValsMutator,setCowHealth,115,KILLED,edu.ucsb.cs156.happiercows.controllers.JobsControllerTests.[engine:junit-jupiter]/[class:edu.ucsb.cs156.happiercows.controllers.JobsControllerTests]/[method:admin_can_launch_set_cow_health_job()]
JobsController.java,edu.ucsb.cs156.happiercows.controllers.JobsController,org.pitest.mutationtest.engine.gregor.mutators.returns.NullReturnValsMutator,updateCowHealth,104,KILLED,edu.ucsb.cs156.happiercows.controllers.JobsControllerTests.[engine:junit-jupiter]/[class:edu.ucsb.cs156.happiercows.controllers.JobsControllerTests]/[method:admin_can_launch_update_cow_health_job()]
TestJob.java,edu.ucsb.cs156.happiercows.jobs.TestJob,org.pitest.mutationtest.engine.gregor.mutators.NegateConditionalsMutator,accept,23,KILLED,edu.ucsb.cs156.happiercows.jobs.TestJobTests.[engine:junit-jupiter]/[class:edu.ucsb.cs156.happiercows.jobs.TestJobTests]/[method:test_log_output_with_no_user()]
TestJob.java,edu.ucsb.cs156.happiercows.jobs.TestJob,org.pitest.mutationtest.engine.gregor.mutators.NegateConditionalsMutator,accept,29,KILLED,edu.ucsb.cs156.happiercows.jobs.TestJobTests.[engine:junit-jupiter]/[class:edu.ucsb.cs156.happiercows.jobs.TestJobTests]/[method:test_log_output_with_no_user()]
TestJob.java,edu.ucsb.cs156.happiercows.jobs.TestJob,org.pitest.mutationtest.engine.gregor.mutators.VoidMethodCallMutator,accept,22,KILLED,edu.ucsb.cs156.happiercows.jobs.TestJobTests.[engine:junit-jupiter]/[class:edu.ucsb.cs156.happiercows.jobs.TestJobTests]/[method:test_log_output_with_no_user()]
TestJob.java,edu.ucsb.cs156.happiercows.jobs.TestJob,org.pitest.mutationtest.engine.gregor.mutators.VoidMethodCallMutator,accept,24,KILLED,edu.ucsb.cs156.happiercows.jobs.TestJobTests.[engine:junit-jupiter]/[class:edu.ucsb.cs156.happiercows.jobs.TestJobTests]/[method:test_log_output_with_no_user()]
TestJob.java,edu.ucsb.cs156.happiercows.jobs.TestJob,org.pitest.mutationtest.engine.gregor.mutators.VoidMethodCallMutator,accept,26,KILLED,edu.ucsb.cs156.happiercows.jobs.TestJobTests.[engine:junit-jupiter]/[class:edu.ucsb.cs156.happiercows.jobs.TestJobTests]/[method:test_log_output_with_mock_user()]
TestJob.java,edu.ucsb.cs156.happiercows.jobs.TestJob,org.pitest.mutationtest.engine.gregor.mutators.VoidMethodCallMutator,accept,28,KILLED,edu.ucsb.cs156.happiercows.controllers.JobsControllerTests.[engine:junit-jupiter]/[class:edu.ucsb.cs156.happiercows.controllers.JobsControllerTests]/[method:admin_can_launch_test_job()]
TestJob.java,edu.ucsb.cs156.happiercows.jobs.TestJob,org.pitest.mutationtest.engine.gregor.mutators.VoidMethodCallMutator,accept,32,KILLED,edu.ucsb.cs156.happiercows.jobs.TestJobTests.[engine:junit-jupiter]/[class:edu.ucsb.cs156.happiercows.jobs.TestJobTests]/[method:test_log_output_with_no_user()]
CowHealthUpdateStrategies.java,edu.ucsb.cs156.happiercows.strategies.CowHealthUpdateStrategies$2,org.pitest.mutationtest.engine.gregor.mutators.ConditionalsBoundaryMutator,calculateNewCowHealth,28,KILLED,edu.ucsb.cs156.happiercows.strategies.CowHealthUpdateStrategyTests.[engine:junit-jupiter]/[class:edu.ucsb.cs156.happiercows.strategies.CowHealthUpdateStrategyTests]/[method:constant_changes_by_constant_amount()]
CowHealthUpdateStrategies.java,edu.ucsb.cs156.happiercows.strategies.CowHealthUpdateStrategies$2,org.pitest.mutationtest.engine.gregor.mutators.MathMutator,calculateNewCowHealth,29,KILLED,edu.ucsb.cs156.happiercows.strategies.CowHealthUpdateStrategyTests.[engine:junit-jupiter]/[class:edu.ucsb.cs156.happiercows.strategies.CowHealthUpdateStrategyTests]/[method:constant_changes_by_constant_amount()]
CowHealthUpdateStrategies.java,edu.ucsb.cs156.happiercows.strategies.CowHealthUpdateStrategies$2,org.pitest.mutationtest.engine.gregor.mutators.MathMutator,calculateNewCowHealth,31,KILLED,edu.ucsb.cs156.happiercows.strategies.CowHealthUpdateStrategyTests.[engine:junit-jupiter]/[class:edu.ucsb.cs156.happiercows.strategies.CowHealthUpdateStrategyTests]/[method:constant_changes_by_constant_amount()]
CowHealthUpdateStrategies.java,edu.ucsb.cs156.happiercows.strategies.CowHealthUpdateStrategies$2,org.pitest.mutationtest.engine.gregor.mutators.NegateConditionalsMutator,calculateNewCowHealth,28,KILLED,edu.ucsb.cs156.happiercows.strategies.CowHealthUpdateStrategyTests.[engine:junit-jupiter]/[class:edu.ucsb.cs156.happiercows.strategies.CowHealthUpdateStrategyTests]/[method:constant_changes_by_constant_amount()]
CowHealthUpdateStrategies.java,edu.ucsb.cs156.happiercows.strategies.CowHealthUpdateStrategies$2,org.pitest.mutationtest.engine.gregor.mutators.returns.PrimitiveReturnsMutator,calculateNewCowHealth,29,KILLED,edu.ucsb.cs156.happiercows.strategies.CowHealthUpdateStrategyTests.[engine:junit-jupiter]/[class:edu.ucsb.cs156.happiercows.strategies.CowHealthUpdateStrategyTests]/[method:constant_changes_by_constant_amount()]
CowHealthUpdateStrategies.java,edu.ucsb.cs156.happiercows.strategies.CowHealthUpdateStrategies$2,org.pitest.mutationtest.engine.gregor.mutators.returns.PrimitiveReturnsMutator,calculateNewCowHealth,31,KILLED,edu.ucsb.cs156.happiercows.strategies.CowHealthUpdateStrategyTests.[engine:junit-jupiter]/[class:edu.ucsb.cs156.happiercows.strategies.CowHealthUpdateStrategyTests]/[method:constant_changes_by_constant_amount()]
ReportsController.java,edu.ucsb.cs156.happiercows.controllers.ReportsController,org.pitest.mutationtest.engine.gregor.mutators.returns.NullReturnValsMutator,allLinesByReportId,92,KILLED,edu.ucsb.cs156.happiercows.controllers.ReportsControllerTests.[engine:junit-jupiter]/[class:edu.ucsb.cs156.happiercows.controllers.ReportsControllerTests]/[method:get_reports_lines_commonId()]
ReportsController.java,edu.ucsb.cs156.happiercows.controllers.ReportsController,org.pitest.mutationtest.engine.gregor.mutators.returns.NullReturnValsMutator,allReports,65,KILLED,edu.ucsb.cs156.happiercows.controllers.ReportsControllerTests.[engine:junit-jupiter]/[class:edu.ucsb.cs156.happiercows.controllers.ReportsControllerTests]/[method:get_all_report_headers()]
ReportsController.java,edu.ucsb.cs156.happiercows.controllers.ReportsController,org.pitest.mutationtest.engine.gregor.mutators.returns.NullReturnValsMutator,allReportsByCommonsId,83,KILLED,edu.ucsb.cs156.happiercows.controllers.ReportsControllerTests.[engine:junit-jupiter]/[class:edu.ucsb.cs156.happiercows.controllers.ReportsControllerTests]/[method:get_reports_headers_commonId()]
ReportsController.java,edu.ucsb.cs156.happiercows.controllers.ReportsController,org.pitest.mutationtest.engine.gregor.mutators.returns.EmptyObjectReturnValsMutator,findByReportId,74,KILLED,edu.ucsb.cs156.happiercows.controllers.ReportsControllerTests.[engine:junit-jupiter]/[class:edu.ucsb.cs156.happiercows.controllers.ReportsControllerTests]/[method:get_specific_report_header()]
ReportsController.java,edu.ucsb.cs156.happiercows.controllers.ReportsController,org.pitest.mutationtest.engine.gregor.mutators.returns.NullReturnValsMutator,getLinesCSV,108,KILLED,edu.ucsb.cs156.happiercows.controllers.ReportsControllerTests.[engine:junit-jupiter]/[class:edu.ucsb.cs156.happiercows.controllers.ReportsControllerTests]/[method:test_get_csv()]
JobService.java,edu.ucsb.cs156.happiercows.services.jobs.JobService,org.pitest.mutationtest.engine.gregor.mutators.VoidMethodCallMutator,runAsJob,30,KILLED,edu.ucsb.cs156.happiercows.controllers.JobsControllerTests.[engine:junit-jupiter]/[class:edu.ucsb.cs156.happiercows.controllers.JobsControllerTests]/[method:admin_can_launch_test_job()]
JobService.java,edu.ucsb.cs156.happiercows.services.jobs.JobService,org.pitest.mutationtest.engine.gregor.mutators.returns.NullReturnValsMutator,runAsJob,31,KILLED,edu.ucsb.cs156.happiercows.controllers.JobsControllerTests.[engine:junit-jupiter]/[class:edu.ucsb.cs156.happiercows.controllers.JobsControllerTests]/[method:admin_can_launch_update_cow_health_job()]
JobService.java,edu.ucsb.cs156.happiercows.services.jobs.JobService,org.pitest.mutationtest.engine.gregor.mutators.VoidMethodCallMutator,runJobAsync,39,KILLED,edu.ucsb.cs156.happiercows.controllers.JobsControllerTests.[engine:junit-jupiter]/[class:edu.ucsb.cs156.happiercows.controllers.JobsControllerTests]/[method:admin_can_launch_test_job()]
JobService.java,edu.ucsb.cs156.happiercows.services.jobs.JobService,org.pitest.mutationtest.engine.gregor.mutators.VoidMethodCallMutator,runJobAsync,42,TIMED_OUT,none
JobService.java,edu.ucsb.cs156.happiercows.services.jobs.JobService,org.pitest.mutationtest.engine.gregor.mutators.VoidMethodCallMutator,runJobAsync,47,TIMED_OUT,none
InstructorReportJob.java,edu.ucsb.cs156.happiercows.jobs.InstructorReportJob,org.pitest.mutationtest.engine.gregor.mutators.VoidMethodCallMutator,accept,35,KILLED,edu.ucsb.cs156.happiercows.jobs.InstructorReportJobTests.[engine:junit-jupiter]/[class:edu.ucsb.cs156.happiercows.jobs.InstructorReportJobTests]/[method:test_log_output()]
InstructorReportJob.java,edu.ucsb.cs156.happiercows.jobs.InstructorReportJob,org.pitest.mutationtest.engine.gregor.mutators.VoidMethodCallMutator,accept,39,KILLED,edu.ucsb.cs156.happiercows.jobs.InstructorReportJobTests.[engine:junit-jupiter]/[class:edu.ucsb.cs156.happiercows.jobs.InstructorReportJobTests]/[method:test_log_output()]
InstructorReportJob.java,edu.ucsb.cs156.happiercows.jobs.InstructorReportJob,org.pitest.mutationtest.engine.gregor.mutators.VoidMethodCallMutator,accept,41,KILLED,edu.ucsb.cs156.happiercows.jobs.InstructorReportJobTests.[engine:junit-jupiter]/[class:edu.ucsb.cs156.happiercows.jobs.InstructorReportJobTests]/[method:test_log_output()]
InstructorReportJob.java,edu.ucsb.cs156.happiercows.jobs.InstructorReportJob,org.pitest.mutationtest.engine.gregor.mutators.VoidMethodCallMutator,accept,44,KILLED,edu.ucsb.cs156.happiercows.jobs.InstructorReportJobTests.[engine:junit-jupiter]/[class:edu.ucsb.cs156.happiercows.jobs.InstructorReportJobTests]/[method:test_log_output()]
ReportService.java,edu.ucsb.cs156.happiercows.services.ReportService,org.pitest.mutationtest.engine.gregor.mutators.returns.NullReturnValsMutator,createAndSaveReportHeader,66,KILLED,edu.ucsb.cs156.happiercows.services.ReportServiceTests.[engine:junit-jupiter]/[class:edu.ucsb.cs156.happiercows.services.ReportServiceTests]/[method:test_createAndSaveReportHeader()]
ReportService.java,edu.ucsb.cs156.happiercows.services.ReportService,org.pitest.mutationtest.engine.gregor.mutators.returns.NullReturnValsMutator,createAndSaveReportLine,83,KILLED,edu.ucsb.cs156.happiercows.services.ReportServiceTests.[engine:junit-jupiter]/[class:edu.ucsb.cs156.happiercows.services.ReportServiceTests]/[method:test_createAndSaveReportLine()]
ReportService.java,edu.ucsb.cs156.happiercows.services.ReportService,org.pitest.mutationtest.engine.gregor.mutators.returns.NullReturnValsMutator,createReport,40,KILLED,edu.ucsb.cs156.happiercows.services.ReportServiceTests.[engine:junit-jupiter]/[class:edu.ucsb.cs156.happiercows.services.ReportServiceTests]/[method:test_createAndSaveReport()]
ReportService.java,edu.ucsb.cs156.happiercows.services.ReportService,org.pitest.mutationtest.engine.gregor.mutators.returns.NullReturnValsMutator,lambda$createAndSaveReportHeader$0,45,KILLED,edu.ucsb.cs156.happiercows.services.ReportServiceTests.[engine:junit-jupiter]/[class:edu.ucsb.cs156.happiercows.services.ReportServiceTests]/[method:test_createAndSaveReportHeader_throwsException()]
ApiController.java,edu.ucsb.cs156.happiercows.controllers.ApiController,org.pitest.mutationtest.engine.gregor.mutators.returns.NullReturnValsMutator,genericMessage,29,KILLED,edu.ucsb.cs156.happiercows.controllers.CommonsControllerTests.[engine:junit-jupiter]/[class:edu.ucsb.cs156.happiercows.controllers.CommonsControllerTests]/[method:deleteUserFromCommonsTest()]
ApiController.java,edu.ucsb.cs156.happiercows.controllers.ApiController,org.pitest.mutationtest.engine.gregor.mutators.returns.NullReturnValsMutator,getCurrentUser,25,KILLED,edu.ucsb.cs156.happiercows.controllers.UserCommonsControllerTests.[engine:junit-jupiter]/[class:edu.ucsb.cs156.happiercows.controllers.UserCommonsControllerTests]/[method:test_SellCow_commons_exists_no_cow_to_sell()]
ApiController.java,edu.ucsb.cs156.happiercows.controllers.ApiController,org.pitest.mutationtest.engine.gregor.mutators.returns.NullReturnValsMutator,handleBadRequest,44,KILLED,edu.ucsb.cs156.happiercows.controllers.UserCommonsControllerTests.[engine:junit-jupiter]/[class:edu.ucsb.cs156.happiercows.controllers.UserCommonsControllerTests]/[method:test_SellCow_commons_exists_no_cow_to_sell()]
ApiController.java,edu.ucsb.cs156.happiercows.controllers.ApiController,org.pitest.mutationtest.engine.gregor.mutators.returns.NullReturnValsMutator,handleGenericException,35,KILLED,edu.ucsb.cs156.happiercows.controllers.UserCommonsControllerTests.[engine:junit-jupiter]/[class:edu.ucsb.cs156.happiercows.controllers.UserCommonsControllerTests]/[method:test_getUserCommonsById_nonexists_admin()]
CowHealthUpdateStrategies.java,edu.ucsb.cs156.happiercows.strategies.CowHealthUpdateStrategies$1,org.pitest.mutationtest.engine.gregor.mutators.MathMutator,calculateNewCowHealth,22,KILLED,edu.ucsb.cs156.happiercows.strategies.CowHealthUpdateStrategyTests.[engine:junit-jupiter]/[class:edu.ucsb.cs156.happiercows.strategies.CowHealthUpdateStrategyTests]/[method:linear_updates_health_proportional_to_num_cows_over_capacity()]
CowHealthUpdateStrategies.java,edu.ucsb.cs156.happiercows.strategies.CowHealthUpdateStrategies$1,org.pitest.mutationtest.engine.gregor.mutators.MathMutator,calculateNewCowHealth,22,KILLED,edu.ucsb.cs156.happiercows.strategies.CowHealthUpdateStrategyTests.[engine:junit-jupiter]/[class:edu.ucsb.cs156.happiercows.strategies.CowHealthUpdateStrategyTests]/[method:linear_updates_health_proportional_to_num_cows_over_capacity()]
CowHealthUpdateStrategies.java,edu.ucsb.cs156.happiercows.strategies.CowHealthUpdateStrategies$1,org.pitest.mutationtest.engine.gregor.mutators.MathMutator,calculateNewCowHealth,22,KILLED,edu.ucsb.cs156.happiercows.strategies.CowHealthUpdateStrategyTests.[engine:junit-jupiter]/[class:edu.ucsb.cs156.happiercows.strategies.CowHealthUpdateStrategyTests]/[method:linear_updates_health_proportional_to_num_cows_over_capacity()]
CowHealthUpdateStrategies.java,edu.ucsb.cs156.happiercows.strategies.CowHealthUpdateStrategies$1,org.pitest.mutationtest.engine.gregor.mutators.returns.PrimitiveReturnsMutator,calculateNewCowHealth,22,KILLED,edu.ucsb.cs156.happiercows.strategies.CowHealthUpdateStrategyTests.[engine:junit-jupiter]/[class:edu.ucsb.cs156.happiercows.strategies.CowHealthUpdateStrategyTests]/[method:linear_updates_health_proportional_to_num_cows_over_capacity()]
JobContext.java,edu.ucsb.cs156.happiercows.services.jobs.JobContext,org.pitest.mutationtest.engine.gregor.mutators.NegateConditionalsMutator,log,16,KILLED,edu.ucsb.cs156.happiercows.jobs.TestJobTests.[engine:junit-jupiter]/[class:edu.ucsb.cs156.happiercows.jobs.TestJobTests]/[method:test_log_output_with_no_user()]
JobContext.java,edu.ucsb.cs156.happiercows.services.jobs.JobContext,org.pitest.mutationtest.engine.gregor.mutators.NegateConditionalsMutator,log,18,KILLED,edu.ucsb.cs156.happiercows.jobs.TestJobTests.[engine:junit-jupiter]/[class:edu.ucsb.cs156.happiercows.jobs.TestJobTests]/[method:test_log_output_with_no_user()]
JobContext.java,edu.ucsb.cs156.happiercows.services.jobs.JobContext,org.pitest.mutationtest.engine.gregor.mutators.VoidMethodCallMutator,log,17,KILLED,edu.ucsb.cs156.happiercows.jobs.TestJobTests.[engine:junit-jupiter]/[class:edu.ucsb.cs156.happiercows.jobs.TestJobTests]/[method:test_log_output_with_no_user()]
UserCommons.java,edu.ucsb.cs156.happiercows.entities.UserCommons,org.pitest.mutationtest.engine.gregor.mutators.returns.PrimitiveReturnsMutator,getCommonsId,55,KILLED,edu.ucsb.cs156.happiercows.entities.UserCommonsTests.[engine:junit-jupiter]/[class:edu.ucsb.cs156.happiercows.entities.UserCommonsTests]/[method:userCommons_serialized_to_json_includes_user_and_commons_id()]
UserCommons.java,edu.ucsb.cs156.happiercows.entities.UserCommons,org.pitest.mutationtest.engine.gregor.mutators.returns.NullReturnValsMutator,getId,62,KILLED,edu.ucsb.cs156.happiercows.entities.UserCommonsTests.[engine:junit-jupiter]/[class:edu.ucsb.cs156.happiercows.entities.UserCommonsTests]/[method:userCommons_setId()]
UserCommons.java,edu.ucsb.cs156.happiercows.entities.UserCommons,org.pitest.mutationtest.engine.gregor.mutators.returns.PrimitiveReturnsMutator,getUserId,50,KILLED,edu.ucsb.cs156.happiercows.entities.UserCommonsTests.[engine:junit-jupiter]/[class:edu.ucsb.cs156.happiercows.entities.UserCommonsTests]/[method:userCommons_serialized_to_json_includes_user_and_commons_id()]
InstructorReportJobSingleCommons.java,edu.ucsb.cs156.happiercows.jobs.InstructorReportJobSingleCommons,org.pitest.mutationtest.engine.gregor.mutators.VoidMethodCallMutator,accept,36,KILLED,edu.ucsb.cs156.happiercows.jobs.InstructorReportJobSingleCommonsTests.[engine:junit-jupiter]/[class:edu.ucsb.cs156.happiercows.jobs.InstructorReportJobSingleCommonsTests]/[method:test_log_output()]
InstructorReportJobSingleCommons.java,edu.ucsb.cs156.happiercows.jobs.InstructorReportJobSingleCommons,org.pitest.mutationtest.engine.gregor.mutators.VoidMethodCallMutator,accept,38,KILLED,edu.ucsb.cs156.happiercows.jobs.InstructorReportJobSingleCommonsTests.[engine:junit-jupiter]/[class:edu.ucsb.cs156.happiercows.jobs.InstructorReportJobSingleCommonsTests]/[method:test_log_output()]
ProfitsController.java,edu.ucsb.cs156.happiercows.controllers.ProfitsController,org.pitest.mutationtest.engine.gregor.mutators.returns.NullReturnValsMutator,allProfitsByCommonsId,49,KILLED,edu.ucsb.cs156.happiercows.controllers.ProfitsControllerTests.[engine:junit-jupiter]/[class:edu.ucsb.cs156.happiercows.controllers.ProfitsControllerTests]/[method:get_profits_all_commons_using_commons_id()]
ProfitsController.java,edu.ucsb.cs156.happiercows.controllers.ProfitsController,org.pitest.mutationtest.engine.gregor.mutators.returns.NullReturnValsMutator,lambda$allProfitsByCommonsId$0,45,KILLED,edu.ucsb.cs156.happiercows.controllers.ProfitsControllerTests.[engine:junit-jupiter]/[class:edu.ucsb.cs156.happiercows.controllers.ProfitsControllerTests]/[method:get_profits_all_commons_nonexistent_using_commons_id()]
CurrentUserService.java,edu.ucsb.cs156.happiercows.services.CurrentUserService,org.pitest.mutationtest.engine.gregor.mutators.NegateConditionalsMutator,isLoggedIn,16,KILLED,edu.ucsb.cs156.happiercows.services.CurrentUserServiceTests.[engine:junit-jupiter]/[class:edu.ucsb.cs156.happiercows.services.CurrentUserServiceTests]/[method:test_isLoggedIn_returns_true()]
CurrentUserService.java,edu.ucsb.cs156.happiercows.services.CurrentUserService,org.pitest.mutationtest.engine.gregor.mutators.returns.BooleanTrueReturnValsMutator,isLoggedIn,16,KILLED,edu.ucsb.cs156.happiercows.services.CurrentUserServiceTests.[engine:junit-jupiter]/[class:edu.ucsb.cs156.happiercows.services.CurrentUserServiceTests]/[method:test_isLoggedIn_returns_false()]
HealthUpdateStrategyList.java,edu.ucsb.cs156.happiercows.models.HealthUpdateStrategyList,org.pitest.mutationtest.engine.gregor.mutators.returns.NullReturnValsMutator,create,28,KILLED,edu.ucsb.cs156.happiercows.models.HealthUpdateStrategyListTests.[engine:junit-jupiter]/[class:edu.ucsb.cs156.happiercows.models.HealthUpdateStrategyListTests]/[method:createdValueHasDefaults()]
HealthUpdateStrategyList.java,edu.ucsb.cs156.happiercows.models.HealthUpdateStrategyList,org.pitest.mutationtest.engine.gregor.mutators.returns.NullReturnValsMutator,lambda$create$0,21,KILLED,edu.ucsb.cs156.happiercows.models.HealthUpdateStrategyListTests.[engine:junit-jupiter]/[class:edu.ucsb.cs156.happiercows.models.HealthUpdateStrategyListTests]/[method:strategiesListMatchesEnumValues()]
MilkTheCowsJobFactory.java,edu.ucsb.cs156.happiercows.jobs.MilkTheCowsJobFactory,org.pitest.mutationtest.engine.gregor.mutators.returns.NullReturnValsMutator,create,28,KILLED,edu.ucsb.cs156.happiercows.jobs.MilkTheCowsJobFactoryTests.[engine:junit-jupiter]/[class:edu.ucsb.cs156.happiercows.jobs.MilkTheCowsJobFactoryTests]/[method:test_create()]
UsersController.java,edu.ucsb.cs156.happiercows.controllers.UsersController,org.pitest.mutationtest.engine.gregor.mutators.returns.NullReturnValsMutator,users,35,KILLED,edu.ucsb.cs156.happiercows.controllers.UsersControllerTests.[engine:junit-jupiter]/[class:edu.ucsb.cs156.happiercows.controllers.UsersControllerTests]/[method:users__admin_logged_in()]
UpdateCowHealthJobFactory.java,edu.ucsb.cs156.happiercows.jobs.UpdateCowHealthJobFactory,org.pitest.mutationtest.engine.gregor.mutators.returns.NullReturnValsMutator,create,29,KILLED,edu.ucsb.cs156.happiercows.jobs.UpdateCowHealthJobFactoryTests.[engine:junit-jupiter]/[class:edu.ucsb.cs156.happiercows.jobs.UpdateCowHealthJobFactoryTests]/[method:test_create()]
SetCowHealthJobFactory.java,edu.ucsb.cs156.happiercows.jobs.SetCowHealthJobFactory,org.pitest.mutationtest.engine.gregor.mutators.returns.NullReturnValsMutator,create,29,KILLED,edu.ucsb.cs156.happiercows.jobs.SetCowHealthJobFactoryTests.[engine:junit-jupiter]/[class:edu.ucsb.cs156.happiercows.jobs.SetCowHealthJobFactoryTests]/[method:test_create()]
CowHealthUpdateStrategies.java,edu.ucsb.cs156.happiercows.strategies.CowHealthUpdateStrategies$3,org.pitest.mutationtest.engine.gregor.mutators.returns.PrimitiveReturnsMutator,calculateNewCowHealth,38,KILLED,edu.ucsb.cs156.happiercows.strategies.CowHealthUpdateStrategyTests.[engine:junit-jupiter]/[class:edu.ucsb.cs156.happiercows.strategies.CowHealthUpdateStrategyTests]/[method:noop_does_nothing()]
SystemInfoController.java,edu.ucsb.cs156.happiercows.controllers.SystemInfoController,org.pitest.mutationtest.engine.gregor.mutators.returns.NullReturnValsMutator,getSystemInfo,25,KILLED,edu.ucsb.cs156.happiercows.controllers.SystemInfoControllerTests.[engine:junit-jupiter]/[class:edu.ucsb.cs156.happiercows.controllers.SystemInfoControllerTests]/[method:systemInfo__admin_logged_in()]
InstructorReportJobFactory.java,edu.ucsb.cs156.happiercows.jobs.InstructorReportJobFactory,org.pitest.mutationtest.engine.gregor.mutators.returns.NullReturnValsMutator,create,20,KILLED,edu.ucsb.cs156.happiercows.jobs.InstructorReportJobFactoryTests.[engine:junit-jupiter]/[class:edu.ucsb.cs156.happiercows.jobs.InstructorReportJobFactoryTests]/[method:test_create()]
CSRFController.java,edu.ucsb.cs156.happiercows.controllers.CSRFController,org.pitest.mutationtest.engine.gregor.mutators.returns.NullReturnValsMutator,csrf,18,KILLED,edu.ucsb.cs156.happiercows.controllers.CSRFControllerTests.[engine:junit-jupiter]/[class:edu.ucsb.cs156.happiercows.controllers.CSRFControllerTests]/[method:csrf_returns_ok()]
SystemInfoServiceImpl.java,edu.ucsb.cs156.happiercows.services.SystemInfoServiceImpl,org.pitest.mutationtest.engine.gregor.mutators.returns.NullReturnValsMutator,getSystemInfo,35,KILLED,edu.ucsb.cs156.happiercows.services.SystemInfoServiceImplTests.[engine:junit-jupiter]/[class:edu.ucsb.cs156.happiercows.services.SystemInfoServiceImplTests]/[method:test_getSystemInfo()]
UserInfoController.java,edu.ucsb.cs156.happiercows.controllers.UserInfoController,org.pitest.mutationtest.engine.gregor.mutators.returns.NullReturnValsMutator,getCurrentUser,23,KILLED,edu.ucsb.cs156.happiercows.controllers.UserInfoControllerTests.[engine:junit-jupiter]/[class:edu.ucsb.cs156.happiercows.controllers.UserInfoControllerTests]/[method:currentUser__logged_in()]
GrantedAuthoritiesService.java,edu.ucsb.cs156.happiercows.services.GrantedAuthoritiesService,org.pitest.mutationtest.engine.gregor.mutators.returns.EmptyObjectReturnValsMutator,getGrantedAuthorities,22,KILLED,edu.ucsb.cs156.happiercows.services.GrantedAuthoritiesServiceTests.[engine:junit-jupiter]/[class:edu.ucsb.cs156.happiercows.services.GrantedAuthoritiesServiceTests]/[method:test_getGrantedAuthorities()]
InstructorReportJobSingleCommonsFactory.java,edu.ucsb.cs156.happiercows.jobs.InstructorReportJobSingleCommonsFactory,org.pitest.mutationtest.engine.gregor.mutators.returns.NullReturnValsMutator,create,16,KILLED,edu.ucsb.cs156.happiercows.jobs.InstructorReportJobSingleCommonsFactoryTests.[engine:junit-jupiter]/[class:edu.ucsb.cs156.happiercows.jobs.InstructorReportJobSingleCommonsFactoryTests]/[method:test_create()]
User.java,edu.ucsb.cs156.happiercows.entities.User,org.pitest.mutationtest.engine.gregor.mutators.returns.EmptyObjectReturnValsMutator,toString,44,KILLED,edu.ucsb.cs156.happiercows.entities.UserTests.[engine:junit-jupiter]/[class:edu.ucsb.cs156.happiercows.entities.UserTests]/[method:test_toString()]
