ApiController.java,edu.ucsb.cs156.happiercows.controllers.ApiController,org.pitest.mutationtest.engine.gregor.mutators.returns.NullReturnValsMutator,genericMessage,29,KILLED,edu.ucsb.cs156.happiercows.controllers.ProfitsControllerTests.[engine:junit-jupiter]/[class:edu.ucsb.cs156.happiercows.controllers.ProfitsControllerTests]/[method:delete_profits_admin_other_user()]
ApiController.java,edu.ucsb.cs156.happiercows.controllers.ApiController,org.pitest.mutationtest.engine.gregor.mutators.returns.NullReturnValsMutator,getCurrentUser,25,KILLED,edu.ucsb.cs156.happiercows.controllers.UserInfoControllerTests.[engine:junit-jupiter]/[class:edu.ucsb.cs156.happiercows.controllers.UserInfoControllerTests]/[method:currentUser__logged_in()]
ApiController.java,edu.ucsb.cs156.happiercows.controllers.ApiController,org.pitest.mutationtest.engine.gregor.mutators.returns.NullReturnValsMutator,handleBadRequest,44,KILLED,edu.ucsb.cs156.happiercows.controllers.UserCommonsControllerTests.[engine:junit-jupiter]/[class:edu.ucsb.cs156.happiercows.controllers.UserCommonsControllerTests]/[method:test_BuyCow_commons_exists_not_enough_money()]
ApiController.java,edu.ucsb.cs156.happiercows.controllers.ApiController,org.pitest.mutationtest.engine.gregor.mutators.returns.NullReturnValsMutator,handleGenericException,35,KILLED,edu.ucsb.cs156.happiercows.controllers.UserCommonsControllerTests.[engine:junit-jupiter]/[class:edu.ucsb.cs156.happiercows.controllers.UserCommonsControllerTests]/[method:test_getUserCommonsById_nonexists_admin()]
CSRFController.java,edu.ucsb.cs156.happiercows.controllers.CSRFController,org.pitest.mutationtest.engine.gregor.mutators.returns.NullReturnValsMutator,csrf,18,KILLED,edu.ucsb.cs156.happiercows.controllers.CSRFControllerTests.[engine:junit-jupiter]/[class:edu.ucsb.cs156.happiercows.controllers.CSRFControllerTests]/[method:csrf_returns_ok()]
CommonsController.java,edu.ucsb.cs156.happiercows.controllers.CommonsController,org.pitest.mutationtest.engine.gregor.mutators.ConditionalsBoundaryMutator,createCommons,156,KILLED,edu.ucsb.cs156.happiercows.controllers.CommonsControllerTests.[engine:junit-jupiter]/[class:edu.ucsb.cs156.happiercows.controllers.CommonsControllerTests]/[method:createCommonsTest_zeroDegradation()]
CommonsController.java,edu.ucsb.cs156.happiercows.controllers.CommonsController,org.pitest.mutationtest.engine.gregor.mutators.NegateConditionalsMutator,createCommons,156,KILLED,edu.ucsb.cs156.happiercows.controllers.CommonsControllerTests.[engine:junit-jupiter]/[class:edu.ucsb.cs156.happiercows.controllers.CommonsControllerTests]/[method:createCommonsTest_withIllegalDegradationRate()]
CommonsController.java,edu.ucsb.cs156.happiercows.controllers.CommonsController,org.pitest.mutationtest.engine.gregor.mutators.returns.NullReturnValsMutator,createCommons,163,KILLED,edu.ucsb.cs156.happiercows.controllers.CommonsControllerTests.[engine:junit-jupiter]/[class:edu.ucsb.cs156.happiercows.controllers.CommonsControllerTests]/[method:createCommonsTest_zeroDegradation()]
CommonsController.java,edu.ucsb.cs156.happiercows.controllers.CommonsController,org.pitest.mutationtest.engine.gregor.mutators.VoidMethodCallMutator,deleteCommons,210,KILLED,edu.ucsb.cs156.happiercows.controllers.CommonsControllerTests.[engine:junit-jupiter]/[class:edu.ucsb.cs156.happiercows.controllers.CommonsControllerTests]/[method:deleteCommons_test_admin_exists()]
CommonsController.java,edu.ucsb.cs156.happiercows.controllers.CommonsController,org.pitest.mutationtest.engine.gregor.mutators.VoidMethodCallMutator,deleteCommons,211,KILLED,edu.ucsb.cs156.happiercows.controllers.CommonsControllerTests.[engine:junit-jupiter]/[class:edu.ucsb.cs156.happiercows.controllers.CommonsControllerTests]/[method:deleteCommons_test_admin_exists()]
CommonsController.java,edu.ucsb.cs156.happiercows.controllers.CommonsController,org.pitest.mutationtest.engine.gregor.mutators.returns.NullReturnValsMutator,deleteCommons,215,KILLED,edu.ucsb.cs156.happiercows.controllers.CommonsControllerTests.[engine:junit-jupiter]/[class:edu.ucsb.cs156.happiercows.controllers.CommonsControllerTests]/[method:deleteCommons_test_admin_exists()]
CommonsController.java,edu.ucsb.cs156.happiercows.controllers.CommonsController,org.pitest.mutationtest.engine.gregor.mutators.VoidMethodCallMutator,deleteUserFromCommon,229,KILLED,edu.ucsb.cs156.happiercows.controllers.CommonsControllerTests.[engine:junit-jupiter]/[class:edu.ucsb.cs156.happiercows.controllers.CommonsControllerTests]/[method:deleteUserFromCommonsTest()]
CommonsController.java,edu.ucsb.cs156.happiercows.controllers.CommonsController,org.pitest.mutationtest.engine.gregor.mutators.returns.NullReturnValsMutator,deleteUserFromCommon,230,KILLED,edu.ucsb.cs156.happiercows.controllers.CommonsControllerTests.[engine:junit-jupiter]/[class:edu.ucsb.cs156.happiercows.controllers.CommonsControllerTests]/[method:deleteUserFromCommonsTest()]
CommonsController.java,edu.ucsb.cs156.happiercows.controllers.CommonsController,org.pitest.mutationtest.engine.gregor.mutators.returns.NullReturnValsMutator,getCommons,65,KILLED,edu.ucsb.cs156.happiercows.controllers.CommonsControllerTests.[engine:junit-jupiter]/[class:edu.ucsb.cs156.happiercows.controllers.CommonsControllerTests]/[method:getCommonsTest()]
CommonsController.java,edu.ucsb.cs156.happiercows.controllers.CommonsController,org.pitest.mutationtest.engine.gregor.mutators.returns.NullReturnValsMutator,getCommonsById,135,KILLED,edu.ucsb.cs156.happiercows.controllers.CommonsControllerTests.[engine:junit-jupiter]/[class:edu.ucsb.cs156.happiercows.controllers.CommonsControllerTests]/[method:getCommonsByIdTest_valid()]
CommonsController.java,edu.ucsb.cs156.happiercows.controllers.CommonsController,org.pitest.mutationtest.engine.gregor.mutators.VoidMethodCallMutator,getCommonsPlus,77,KILLED,edu.ucsb.cs156.happiercows.controllers.CommonsControllerTests.[engine:junit-jupiter]/[class:edu.ucsb.cs156.happiercows.controllers.CommonsControllerTests]/[method:getCommonsPlusTest()]
CommonsController.java,edu.ucsb.cs156.happiercows.controllers.CommonsController,org.pitest.mutationtest.engine.gregor.mutators.returns.NullReturnValsMutator,getCommonsPlus,86,KILLED,edu.ucsb.cs156.happiercows.controllers.CommonsControllerTests.[engine:junit-jupiter]/[class:edu.ucsb.cs156.happiercows.controllers.CommonsControllerTests]/[method:getCommonsPlusTest()]
CommonsController.java,edu.ucsb.cs156.happiercows.controllers.CommonsController,org.pitest.mutationtest.engine.gregor.mutators.NegateConditionalsMutator,joinCommon,180,KILLED,edu.ucsb.cs156.happiercows.controllers.CommonsControllerTests.[engine:junit-jupiter]/[class:edu.ucsb.cs156.happiercows.controllers.CommonsControllerTests]/[method:joinCommonsTest()]
CommonsController.java,edu.ucsb.cs156.happiercows.controllers.CommonsController,org.pitest.mutationtest.engine.gregor.mutators.returns.NullReturnValsMutator,joinCommon,183,KILLED,edu.ucsb.cs156.happiercows.controllers.CommonsControllerTests.[engine:junit-jupiter]/[class:edu.ucsb.cs156.happiercows.controllers.CommonsControllerTests]/[method:already_joined_common_test()]
CommonsController.java,edu.ucsb.cs156.happiercows.controllers.CommonsController,org.pitest.mutationtest.engine.gregor.mutators.returns.NullReturnValsMutator,joinCommon,198,KILLED,edu.ucsb.cs156.happiercows.controllers.CommonsControllerTests.[engine:junit-jupiter]/[class:edu.ucsb.cs156.happiercows.controllers.CommonsControllerTests]/[method:joinCommonsTest()]
CommonsController.java,edu.ucsb.cs156.happiercows.controllers.CommonsController,org.pitest.mutationtest.engine.gregor.mutators.returns.NullReturnValsMutator,lambda$deleteCommons$3,208,KILLED,edu.ucsb.cs156.happiercows.controllers.CommonsControllerTests.[engine:junit-jupiter]/[class:edu.ucsb.cs156.happiercows.controllers.CommonsControllerTests]/[method:deleteCommons_test_admin_nonexists()]
CommonsController.java,edu.ucsb.cs156.happiercows.controllers.CommonsController,org.pitest.mutationtest.engine.gregor.mutators.returns.NullReturnValsMutator,lambda$deleteUserFromCommon$4,226,KILLED,edu.ucsb.cs156.happiercows.controllers.CommonsControllerTests.[engine:junit-jupiter]/[class:edu.ucsb.cs156.happiercows.controllers.CommonsControllerTests]/[method:deleteUserFromCommonsTest_nonexistent_userCommons()]
CommonsController.java,edu.ucsb.cs156.happiercows.controllers.CommonsController,org.pitest.mutationtest.engine.gregor.mutators.returns.NullReturnValsMutator,lambda$getCommonsById$1,133,KILLED,edu.ucsb.cs156.happiercows.controllers.CommonsControllerTests.[engine:junit-jupiter]/[class:edu.ucsb.cs156.happiercows.controllers.CommonsControllerTests]/[method:getCommonsByIdTest_invalid()]
CommonsController.java,edu.ucsb.cs156.happiercows.controllers.CommonsController,org.pitest.mutationtest.engine.gregor.mutators.returns.NullReturnValsMutator,lambda$getCommonsPlus$0,80,KILLED,edu.ucsb.cs156.happiercows.controllers.CommonsControllerTests.[engine:junit-jupiter]/[class:edu.ucsb.cs156.happiercows.controllers.CommonsControllerTests]/[method:getCommonsPlusTest()]
CommonsController.java,edu.ucsb.cs156.happiercows.controllers.CommonsController,org.pitest.mutationtest.engine.gregor.mutators.returns.NullReturnValsMutator,lambda$joinCommon$2,177,KILLED,edu.ucsb.cs156.happiercows.controllers.CommonsControllerTests.[engine:junit-jupiter]/[class:edu.ucsb.cs156.happiercows.controllers.CommonsControllerTests]/[method:join_and_create_userCommons_for_nonexistent_commons()]
CommonsController.java,edu.ucsb.cs156.happiercows.controllers.CommonsController,org.pitest.mutationtest.engine.gregor.mutators.returns.NullReturnValsMutator,toCommonsPlus,237,KILLED,edu.ucsb.cs156.happiercows.controllers.CommonsControllerTests.[engine:junit-jupiter]/[class:edu.ucsb.cs156.happiercows.controllers.CommonsControllerTests]/[method:getCommonsPlusTest()]
CommonsController.java,edu.ucsb.cs156.happiercows.controllers.CommonsController,org.pitest.mutationtest.engine.gregor.mutators.ConditionalsBoundaryMutator,updateCommons,117,KILLED,edu.ucsb.cs156.happiercows.controllers.CommonsControllerTests.[engine:junit-jupiter]/[class:edu.ucsb.cs156.happiercows.controllers.CommonsControllerTests]/[method:updateCommonsTest_withDegradationRate_Zero()]
CommonsController.java,edu.ucsb.cs156.happiercows.controllers.CommonsController,org.pitest.mutationtest.engine.gregor.mutators.NegateConditionalsMutator,updateCommons,100,KILLED,edu.ucsb.cs156.happiercows.controllers.CommonsControllerTests.[engine:junit-jupiter]/[class:edu.ucsb.cs156.happiercows.controllers.CommonsControllerTests]/[method:updateCommonsTest_withIllegalDegradationRate()]
CommonsController.java,edu.ucsb.cs156.happiercows.controllers.CommonsController,org.pitest.mutationtest.engine.gregor.mutators.NegateConditionalsMutator,updateCommons,117,KILLED,edu.ucsb.cs156.happiercows.controllers.CommonsControllerTests.[engine:junit-jupiter]/[class:edu.ucsb.cs156.happiercows.controllers.CommonsControllerTests]/[method:updateCommonsTest_withIllegalDegradationRate()]
CommonsController.java,edu.ucsb.cs156.happiercows.controllers.CommonsController,org.pitest.mutationtest.engine.gregor.mutators.VoidMethodCallMutator,updateCommons,108,KILLED,edu.ucsb.cs156.happiercows.controllers.CommonsControllerTests.[engine:junit-jupiter]/[class:edu.ucsb.cs156.happiercows.controllers.CommonsControllerTests]/[method:updateCommonsTest_withIllegalDegradationRate()]
CommonsController.java,edu.ucsb.cs156.happiercows.controllers.CommonsController,org.pitest.mutationtest.engine.gregor.mutators.VoidMethodCallMutator,updateCommons,109,KILLED,edu.ucsb.cs156.happiercows.controllers.CommonsControllerTests.[engine:junit-jupiter]/[class:edu.ucsb.cs156.happiercows.controllers.CommonsControllerTests]/[method:updateCommonsTest_withIllegalDegradationRate()]
CommonsController.java,edu.ucsb.cs156.happiercows.controllers.CommonsController,org.pitest.mutationtest.engine.gregor.mutators.VoidMethodCallMutator,updateCommons,110,KILLED,edu.ucsb.cs156.happiercows.controllers.CommonsControllerTests.[engine:junit-jupiter]/[class:edu.ucsb.cs156.happiercows.controllers.CommonsControllerTests]/[method:updateCommonsTest_withIllegalDegradationRate()]
CommonsController.java,edu.ucsb.cs156.happiercows.controllers.CommonsController,org.pitest.mutationtest.engine.gregor.mutators.VoidMethodCallMutator,updateCommons,111,KILLED,edu.ucsb.cs156.happiercows.controllers.CommonsControllerTests.[engine:junit-jupiter]/[class:edu.ucsb.cs156.happiercows.controllers.CommonsControllerTests]/[method:updateCommonsTest_withIllegalDegradationRate()]
CommonsController.java,edu.ucsb.cs156.happiercows.controllers.CommonsController,org.pitest.mutationtest.engine.gregor.mutators.VoidMethodCallMutator,updateCommons,112,KILLED,edu.ucsb.cs156.happiercows.controllers.CommonsControllerTests.[engine:junit-jupiter]/[class:edu.ucsb.cs156.happiercows.controllers.CommonsControllerTests]/[method:updateCommonsTest_withIllegalDegradationRate()]
CommonsController.java,edu.ucsb.cs156.happiercows.controllers.CommonsController,org.pitest.mutationtest.engine.gregor.mutators.VoidMethodCallMutator,updateCommons,113,KILLED,edu.ucsb.cs156.happiercows.controllers.CommonsControllerTests.[engine:junit-jupiter]/[class:edu.ucsb.cs156.happiercows.controllers.CommonsControllerTests]/[method:updateCommonsTest()]
CommonsController.java,edu.ucsb.cs156.happiercows.controllers.CommonsController,org.pitest.mutationtest.engine.gregor.mutators.VoidMethodCallMutator,updateCommons,114,KILLED,edu.ucsb.cs156.happiercows.controllers.CommonsControllerTests.[engine:junit-jupiter]/[class:edu.ucsb.cs156.happiercows.controllers.CommonsControllerTests]/[method:updateCommonsTest_withIllegalDegradationRate()]
CommonsController.java,edu.ucsb.cs156.happiercows.controllers.CommonsController,org.pitest.mutationtest.engine.gregor.mutators.VoidMethodCallMutator,updateCommons,115,KILLED,edu.ucsb.cs156.happiercows.controllers.CommonsControllerTests.[engine:junit-jupiter]/[class:edu.ucsb.cs156.happiercows.controllers.CommonsControllerTests]/[method:updateCommonsTest_withIllegalDegradationRate()]
CommonsController.java,edu.ucsb.cs156.happiercows.controllers.CommonsController,org.pitest.mutationtest.engine.gregor.mutators.returns.NullReturnValsMutator,updateCommons,123,KILLED,edu.ucsb.cs156.happiercows.controllers.CommonsControllerTests.[engine:junit-jupiter]/[class:edu.ucsb.cs156.happiercows.controllers.CommonsControllerTests]/[method:updateCommonsTest_withIllegalDegradationRate()]
ProfitsController.java,edu.ucsb.cs156.happiercows.controllers.ProfitsController,org.pitest.mutationtest.engine.gregor.mutators.NegateConditionalsMutator,allProfitsByCommonsId,164,KILLED,edu.ucsb.cs156.happiercows.controllers.ProfitsControllerTests.[engine:junit-jupiter]/[class:edu.ucsb.cs156.happiercows.controllers.ProfitsControllerTests]/[method:get_profits_all_commons_other_user_using_commons_id()]
ProfitsController.java,edu.ucsb.cs156.happiercows.controllers.ProfitsController,org.pitest.mutationtest.engine.gregor.mutators.returns.NullReturnValsMutator,allProfitsByCommonsId,169,KILLED,edu.ucsb.cs156.happiercows.controllers.ProfitsControllerTests.[engine:junit-jupiter]/[class:edu.ucsb.cs156.happiercows.controllers.ProfitsControllerTests]/[method:get_profits_all_commons_using_commons_id()]
ProfitsController.java,edu.ucsb.cs156.happiercows.controllers.ProfitsController,org.pitest.mutationtest.engine.gregor.mutators.NegateConditionalsMutator,allProfitsByUserCommonsId,91,KILLED,edu.ucsb.cs156.happiercows.controllers.ProfitsControllerTests.[engine:junit-jupiter]/[class:edu.ucsb.cs156.happiercows.controllers.ProfitsControllerTests]/[method:get_profits_all_commons_other_user()]
ProfitsController.java,edu.ucsb.cs156.happiercows.controllers.ProfitsController,org.pitest.mutationtest.engine.gregor.mutators.returns.NullReturnValsMutator,allProfitsByUserCommonsId,96,KILLED,edu.ucsb.cs156.happiercows.controllers.ProfitsControllerTests.[engine:junit-jupiter]/[class:edu.ucsb.cs156.happiercows.controllers.ProfitsControllerTests]/[method:get_profits_all_commons()]
ProfitsController.java,edu.ucsb.cs156.happiercows.controllers.ProfitsController,org.pitest.mutationtest.engine.gregor.mutators.returns.NullReturnValsMutator,allProfitsByUserCommonsId_admin,105,KILLED,edu.ucsb.cs156.happiercows.controllers.ProfitsControllerTests.[engine:junit-jupiter]/[class:edu.ucsb.cs156.happiercows.controllers.ProfitsControllerTests]/[method:get_profits_admin_all_commons_other_user()]
ProfitsController.java,edu.ucsb.cs156.happiercows.controllers.ProfitsController,org.pitest.mutationtest.engine.gregor.mutators.returns.NullReturnValsMutator,allUsersProfits,79,KILLED,edu.ucsb.cs156.happiercows.controllers.ProfitsControllerTests.[engine:junit-jupiter]/[class:edu.ucsb.cs156.happiercows.controllers.ProfitsControllerTests]/[method:get_profits_admin()]
ProfitsController.java,edu.ucsb.cs156.happiercows.controllers.ProfitsController,org.pitest.mutationtest.engine.gregor.mutators.VoidMethodCallMutator,deleteProfit_Admin,133,KILLED,edu.ucsb.cs156.happiercows.controllers.ProfitsControllerTests.[engine:junit-jupiter]/[class:edu.ucsb.cs156.happiercows.controllers.ProfitsControllerTests]/[method:delete_profits_admin_other_user()]
ProfitsController.java,edu.ucsb.cs156.happiercows.controllers.ProfitsController,org.pitest.mutationtest.engine.gregor.mutators.returns.NullReturnValsMutator,deleteProfit_Admin,135,KILLED,edu.ucsb.cs156.happiercows.controllers.ProfitsControllerTests.[engine:junit-jupiter]/[class:edu.ucsb.cs156.happiercows.controllers.ProfitsControllerTests]/[method:delete_profits_admin_other_user()]
ProfitsController.java,edu.ucsb.cs156.happiercows.controllers.ProfitsController,org.pitest.mutationtest.engine.gregor.mutators.NegateConditionalsMutator,getProfitById,60,KILLED,edu.ucsb.cs156.happiercows.controllers.ProfitsControllerTests.[engine:junit-jupiter]/[class:edu.ucsb.cs156.happiercows.controllers.ProfitsControllerTests]/[method:get_profits_user()]
ProfitsController.java,edu.ucsb.cs156.happiercows.controllers.ProfitsController,org.pitest.mutationtest.engine.gregor.mutators.returns.NullReturnValsMutator,getProfitById,62,KILLED,edu.ucsb.cs156.happiercows.controllers.ProfitsControllerTests.[engine:junit-jupiter]/[class:edu.ucsb.cs156.happiercows.controllers.ProfitsControllerTests]/[method:get_profits()]
ProfitsController.java,edu.ucsb.cs156.happiercows.controllers.ProfitsController,org.pitest.mutationtest.engine.gregor.mutators.returns.NullReturnValsMutator,getProfitById_admin,71,KILLED,edu.ucsb.cs156.happiercows.controllers.ProfitsControllerTests.[engine:junit-jupiter]/[class:edu.ucsb.cs156.happiercows.controllers.ProfitsControllerTests]/[method:get_profits_admin2()]
ProfitsController.java,edu.ucsb.cs156.happiercows.controllers.ProfitsController,org.pitest.mutationtest.engine.gregor.mutators.returns.NullReturnValsMutator,lambda$allProfitsByCommonsId$6,162,KILLED,edu.ucsb.cs156.happiercows.controllers.ProfitsControllerTests.[engine:junit-jupiter]/[class:edu.ucsb.cs156.happiercows.controllers.ProfitsControllerTests]/[method:get_profits_all_commons_nonexistent_using_commons_id()]
ProfitsController.java,edu.ucsb.cs156.happiercows.controllers.ProfitsController,org.pitest.mutationtest.engine.gregor.mutators.returns.NullReturnValsMutator,lambda$allProfitsByUserCommonsId$2,89,KILLED,edu.ucsb.cs156.happiercows.controllers.ProfitsControllerTests.[engine:junit-jupiter]/[class:edu.ucsb.cs156.happiercows.controllers.ProfitsControllerTests]/[method:get_profits_all_commons_nonexistent()]
ProfitsController.java,edu.ucsb.cs156.happiercows.controllers.ProfitsController,org.pitest.mutationtest.engine.gregor.mutators.returns.NullReturnValsMutator,lambda$deleteProfit_Admin$4,131,KILLED,edu.ucsb.cs156.happiercows.controllers.ProfitsControllerTests.[engine:junit-jupiter]/[class:edu.ucsb.cs156.happiercows.controllers.ProfitsControllerTests]/[method:delete_profits_admin_not_found()]
ProfitsController.java,edu.ucsb.cs156.happiercows.controllers.ProfitsController,org.pitest.mutationtest.engine.gregor.mutators.returns.NullReturnValsMutator,lambda$getProfitById$0,59,KILLED,edu.ucsb.cs156.happiercows.controllers.ProfitsControllerTests.[engine:junit-jupiter]/[class:edu.ucsb.cs156.happiercows.controllers.ProfitsControllerTests]/[method:get_profits_not_found()]
ProfitsController.java,edu.ucsb.cs156.happiercows.controllers.ProfitsController,org.pitest.mutationtest.engine.gregor.mutators.returns.NullReturnValsMutator,lambda$getProfitById_admin$1,70,KILLED,edu.ucsb.cs156.happiercows.controllers.ProfitsControllerTests.[engine:junit-jupiter]/[class:edu.ucsb.cs156.happiercows.controllers.ProfitsControllerTests]/[method:get_profits_admin_not_found()]
ProfitsController.java,edu.ucsb.cs156.happiercows.controllers.ProfitsController,org.pitest.mutationtest.engine.gregor.mutators.returns.NullReturnValsMutator,lambda$postProfit_admin$3,115,KILLED,edu.ucsb.cs156.happiercows.controllers.ProfitsControllerTests.[engine:junit-jupiter]/[class:edu.ucsb.cs156.happiercows.controllers.ProfitsControllerTests]/[method:post_profits_admin_post_not_found()]
ProfitsController.java,edu.ucsb.cs156.happiercows.controllers.ProfitsController,org.pitest.mutationtest.engine.gregor.mutators.returns.NullReturnValsMutator,lambda$putProfitById_admin$5,144,KILLED,edu.ucsb.cs156.happiercows.controllers.ProfitsControllerTests.[engine:junit-jupiter]/[class:edu.ucsb.cs156.happiercows.controllers.ProfitsControllerTests]/[method:put_profits_admin_not_found()]
ProfitsController.java,edu.ucsb.cs156.happiercows.controllers.ProfitsController,org.pitest.mutationtest.engine.gregor.mutators.VoidMethodCallMutator,postProfit_admin,118,KILLED,edu.ucsb.cs156.happiercows.controllers.ProfitsControllerTests.[engine:junit-jupiter]/[class:edu.ucsb.cs156.happiercows.controllers.ProfitsControllerTests]/[method:post_profits_admin_post()]
ProfitsController.java,edu.ucsb.cs156.happiercows.controllers.ProfitsController,org.pitest.mutationtest.engine.gregor.mutators.VoidMethodCallMutator,postProfit_admin,119,KILLED,edu.ucsb.cs156.happiercows.controllers.ProfitsControllerTests.[engine:junit-jupiter]/[class:edu.ucsb.cs156.happiercows.controllers.ProfitsControllerTests]/[method:post_profits_admin_post()]
ProfitsController.java,edu.ucsb.cs156.happiercows.controllers.ProfitsController,org.pitest.mutationtest.engine.gregor.mutators.VoidMethodCallMutator,postProfit_admin,120,KILLED,edu.ucsb.cs156.happiercows.controllers.ProfitsControllerTests.[engine:junit-jupiter]/[class:edu.ucsb.cs156.happiercows.controllers.ProfitsControllerTests]/[method:post_profits_admin_post()]
ProfitsController.java,edu.ucsb.cs156.happiercows.controllers.ProfitsController,org.pitest.mutationtest.engine.gregor.mutators.returns.NullReturnValsMutator,postProfit_admin,122,KILLED,edu.ucsb.cs156.happiercows.controllers.ProfitsControllerTests.[engine:junit-jupiter]/[class:edu.ucsb.cs156.happiercows.controllers.ProfitsControllerTests]/[method:post_profits_admin_post()]
ProfitsController.java,edu.ucsb.cs156.happiercows.controllers.ProfitsController,org.pitest.mutationtest.engine.gregor.mutators.VoidMethodCallMutator,putProfitById_admin,146,KILLED,edu.ucsb.cs156.happiercows.controllers.ProfitsControllerTests.[engine:junit-jupiter]/[class:edu.ucsb.cs156.happiercows.controllers.ProfitsControllerTests]/[method:put_profits_admin()]
ProfitsController.java,edu.ucsb.cs156.happiercows.controllers.ProfitsController,org.pitest.mutationtest.engine.gregor.mutators.VoidMethodCallMutator,putProfitById_admin,147,KILLED,edu.ucsb.cs156.happiercows.controllers.ProfitsControllerTests.[engine:junit-jupiter]/[class:edu.ucsb.cs156.happiercows.controllers.ProfitsControllerTests]/[method:put_profits_admin()]
ProfitsController.java,edu.ucsb.cs156.happiercows.controllers.ProfitsController,org.pitest.mutationtest.engine.gregor.mutators.returns.NullReturnValsMutator,putProfitById_admin,151,KILLED,edu.ucsb.cs156.happiercows.controllers.ProfitsControllerTests.[engine:junit-jupiter]/[class:edu.ucsb.cs156.happiercows.controllers.ProfitsControllerTests]/[method:put_profits_admin_other_user()]
SystemInfoController.java,edu.ucsb.cs156.happiercows.controllers.SystemInfoController,org.pitest.mutationtest.engine.gregor.mutators.returns.NullReturnValsMutator,getSystemInfo,26,KILLED,edu.ucsb.cs156.happiercows.controllers.SystemInfoControllerTests.[engine:junit-jupiter]/[class:edu.ucsb.cs156.happiercows.controllers.SystemInfoControllerTests]/[method:systemInfo__admin_logged_in()]
UserCommonsController.java,edu.ucsb.cs156.happiercows.controllers.UserCommonsController,org.pitest.mutationtest.engine.gregor.mutators.returns.NullReturnValsMutator,getUserCommonsById,72,KILLED,edu.ucsb.cs156.happiercows.controllers.UserCommonsControllerTests.[engine:junit-jupiter]/[class:edu.ucsb.cs156.happiercows.controllers.UserCommonsControllerTests]/[method:test_getUserCommonsById_exists()]
UserCommonsController.java,edu.ucsb.cs156.happiercows.controllers.UserCommonsController,org.pitest.mutationtest.engine.gregor.mutators.returns.NullReturnValsMutator,getUserCommonsById,58,KILLED,edu.ucsb.cs156.happiercows.controllers.UserCommonsControllerTests.[engine:junit-jupiter]/[class:edu.ucsb.cs156.happiercows.controllers.UserCommonsControllerTests]/[method:test_getUserCommonsById_exists_admin()]
UserCommonsController.java,edu.ucsb.cs156.happiercows.controllers.UserCommonsController,org.pitest.mutationtest.engine.gregor.mutators.returns.NullReturnValsMutator,getUsersCommonsByCommonsId,139,KILLED,edu.ucsb.cs156.happiercows.controllers.UserCommonsControllerTests.[engine:junit-jupiter]/[class:edu.ucsb.cs156.happiercows.controllers.UserCommonsControllerTests]/[method:test_Admin_getAllUserCommonsById_exists()]
UserCommonsController.java,edu.ucsb.cs156.happiercows.controllers.UserCommonsController,org.pitest.mutationtest.engine.gregor.mutators.returns.NullReturnValsMutator,lambda$getUserCommonsById$0,57,KILLED,edu.ucsb.cs156.happiercows.controllers.UserCommonsControllerTests.[engine:junit-jupiter]/[class:edu.ucsb.cs156.happiercows.controllers.UserCommonsControllerTests]/[method:test_getUserCommonsById_nonexists_admin()]
UserCommonsController.java,edu.ucsb.cs156.happiercows.controllers.UserCommonsController,org.pitest.mutationtest.engine.gregor.mutators.returns.NullReturnValsMutator,lambda$getUserCommonsById$1,71,KILLED,edu.ucsb.cs156.happiercows.controllers.UserCommonsControllerTests.[engine:junit-jupiter]/[class:edu.ucsb.cs156.happiercows.controllers.UserCommonsControllerTests]/[method:test_getUserCommonsById_nonexists()]
UserCommonsController.java,edu.ucsb.cs156.happiercows.controllers.UserCommonsController,org.pitest.mutationtest.engine.gregor.mutators.returns.NullReturnValsMutator,lambda$putUserCommonsByIdBuy$2,85,KILLED,edu.ucsb.cs156.happiercows.controllers.UserCommonsControllerTests.[engine:junit-jupiter]/[class:edu.ucsb.cs156.happiercows.controllers.UserCommonsControllerTests]/[method:test_BuyCow_commons_DOES_NOT_exist()]
UserCommonsController.java,edu.ucsb.cs156.happiercows.controllers.UserCommonsController,org.pitest.mutationtest.engine.gregor.mutators.returns.NullReturnValsMutator,lambda$putUserCommonsByIdBuy$3,88,KILLED,edu.ucsb.cs156.happiercows.controllers.UserCommonsControllerTests.[engine:junit-jupiter]/[class:edu.ucsb.cs156.happiercows.controllers.UserCommonsControllerTests]/[method:test_BuyCow_commons_for_user_DOES_NOT_exist()]
UserCommonsController.java,edu.ucsb.cs156.happiercows.controllers.UserCommonsController,org.pitest.mutationtest.engine.gregor.mutators.returns.NullReturnValsMutator,lambda$putUserCommonsByIdSell$4,112,KILLED,edu.ucsb.cs156.happiercows.controllers.UserCommonsControllerTests.[engine:junit-jupiter]/[class:edu.ucsb.cs156.happiercows.controllers.UserCommonsControllerTests]/[method:test_SellCow_commons_DOES_NOT_exist()]
UserCommonsController.java,edu.ucsb.cs156.happiercows.controllers.UserCommonsController,org.pitest.mutationtest.engine.gregor.mutators.returns.NullReturnValsMutator,lambda$putUserCommonsByIdSell$5,115,KILLED,edu.ucsb.cs156.happiercows.controllers.UserCommonsControllerTests.[engine:junit-jupiter]/[class:edu.ucsb.cs156.happiercows.controllers.UserCommonsControllerTests]/[method:test_SellCow_commons_for_usercommons_DOES_NOT_exist()]
UserCommonsController.java,edu.ucsb.cs156.happiercows.controllers.UserCommonsController,org.pitest.mutationtest.engine.gregor.mutators.ConditionalsBoundaryMutator,putUserCommonsByIdBuy,90,KILLED,edu.ucsb.cs156.happiercows.controllers.UserCommonsControllerTests.[engine:junit-jupiter]/[class:edu.ucsb.cs156.happiercows.controllers.UserCommonsControllerTests]/[method:test_BuyCow_commons_exists_user_has_exact_amount_needed()]
UserCommonsController.java,edu.ucsb.cs156.happiercows.controllers.UserCommonsController,org.pitest.mutationtest.engine.gregor.mutators.MathMutator,putUserCommonsByIdBuy,91,KILLED,edu.ucsb.cs156.happiercows.controllers.UserCommonsControllerTests.[engine:junit-jupiter]/[class:edu.ucsb.cs156.happiercows.controllers.UserCommonsControllerTests]/[method:test_BuyCow_commons_exists()]
UserCommonsController.java,edu.ucsb.cs156.happiercows.controllers.UserCommonsController,org.pitest.mutationtest.engine.gregor.mutators.MathMutator,putUserCommonsByIdBuy,92,KILLED,edu.ucsb.cs156.happiercows.controllers.UserCommonsControllerTests.[engine:junit-jupiter]/[class:edu.ucsb.cs156.happiercows.controllers.UserCommonsControllerTests]/[method:test_BuyCow_commons_exists()]
UserCommonsController.java,edu.ucsb.cs156.happiercows.controllers.UserCommonsController,org.pitest.mutationtest.engine.gregor.mutators.NegateConditionalsMutator,putUserCommonsByIdBuy,90,KILLED,edu.ucsb.cs156.happiercows.controllers.UserCommonsControllerTests.[engine:junit-jupiter]/[class:edu.ucsb.cs156.happiercows.controllers.UserCommonsControllerTests]/[method:test_BuyCow_commons_exists_not_enough_money()]
UserCommonsController.java,edu.ucsb.cs156.happiercows.controllers.UserCommonsController,org.pitest.mutationtest.engine.gregor.mutators.VoidMethodCallMutator,putUserCommonsByIdBuy,91,KILLED,edu.ucsb.cs156.happiercows.controllers.UserCommonsControllerTests.[engine:junit-jupiter]/[class:edu.ucsb.cs156.happiercows.controllers.UserCommonsControllerTests]/[method:test_BuyCow_commons_exists()]
UserCommonsController.java,edu.ucsb.cs156.happiercows.controllers.UserCommonsController,org.pitest.mutationtest.engine.gregor.mutators.VoidMethodCallMutator,putUserCommonsByIdBuy,92,KILLED,edu.ucsb.cs156.happiercows.controllers.UserCommonsControllerTests.[engine:junit-jupiter]/[class:edu.ucsb.cs156.happiercows.controllers.UserCommonsControllerTests]/[method:test_BuyCow_commons_exists()]
UserCommonsController.java,edu.ucsb.cs156.happiercows.controllers.UserCommonsController,org.pitest.mutationtest.engine.gregor.mutators.returns.NullReturnValsMutator,putUserCommonsByIdBuy,100,KILLED,edu.ucsb.cs156.happiercows.controllers.UserCommonsControllerTests.[engine:junit-jupiter]/[class:edu.ucsb.cs156.happiercows.controllers.UserCommonsControllerTests]/[method:test_BuyCow_commons_exists()]
UserCommonsController.java,edu.ucsb.cs156.happiercows.controllers.UserCommonsController,org.pitest.mutationtest.engine.gregor.mutators.ConditionalsBoundaryMutator,putUserCommonsByIdSell,118,KILLED,edu.ucsb.cs156.happiercows.controllers.UserCommonsControllerTests.[engine:junit-jupiter]/[class:edu.ucsb.cs156.happiercows.controllers.UserCommonsControllerTests]/[method:test_SellCow_commons_exists()]
UserCommonsController.java,edu.ucsb.cs156.happiercows.controllers.UserCommonsController,org.pitest.mutationtest.engine.gregor.mutators.MathMutator,putUserCommonsByIdSell,119,KILLED,edu.ucsb.cs156.happiercows.controllers.UserCommonsControllerTests.[engine:junit-jupiter]/[class:edu.ucsb.cs156.happiercows.controllers.UserCommonsControllerTests]/[method:test_SellCow_commons_exists()]
UserCommonsController.java,edu.ucsb.cs156.happiercows.controllers.UserCommonsController,org.pitest.mutationtest.engine.gregor.mutators.MathMutator,putUserCommonsByIdSell,120,KILLED,edu.ucsb.cs156.happiercows.controllers.UserCommonsControllerTests.[engine:junit-jupiter]/[class:edu.ucsb.cs156.happiercows.controllers.UserCommonsControllerTests]/[method:test_SellCow_commons_exists()]
UserCommonsController.java,edu.ucsb.cs156.happiercows.controllers.UserCommonsController,org.pitest.mutationtest.engine.gregor.mutators.NegateConditionalsMutator,putUserCommonsByIdSell,118,KILLED,edu.ucsb.cs156.happiercows.controllers.UserCommonsControllerTests.[engine:junit-jupiter]/[class:edu.ucsb.cs156.happiercows.controllers.UserCommonsControllerTests]/[method:test_SellCow_commons_exists()]
UserCommonsController.java,edu.ucsb.cs156.happiercows.controllers.UserCommonsController,org.pitest.mutationtest.engine.gregor.mutators.VoidMethodCallMutator,putUserCommonsByIdSell,119,KILLED,edu.ucsb.cs156.happiercows.controllers.UserCommonsControllerTests.[engine:junit-jupiter]/[class:edu.ucsb.cs156.happiercows.controllers.UserCommonsControllerTests]/[method:test_SellCow_commons_exists()]
UserCommonsController.java,edu.ucsb.cs156.happiercows.controllers.UserCommonsController,org.pitest.mutationtest.engine.gregor.mutators.VoidMethodCallMutator,putUserCommonsByIdSell,120,KILLED,edu.ucsb.cs156.happiercows.controllers.UserCommonsControllerTests.[engine:junit-jupiter]/[class:edu.ucsb.cs156.happiercows.controllers.UserCommonsControllerTests]/[method:test_SellCow_commons_exists()]
UserCommonsController.java,edu.ucsb.cs156.happiercows.controllers.UserCommonsController,org.pitest.mutationtest.engine.gregor.mutators.returns.NullReturnValsMutator,putUserCommonsByIdSell,128,KILLED,edu.ucsb.cs156.happiercows.controllers.UserCommonsControllerTests.[engine:junit-jupiter]/[class:edu.ucsb.cs156.happiercows.controllers.UserCommonsControllerTests]/[method:test_SellCow_commons_exists()]
UserInfoController.java,edu.ucsb.cs156.happiercows.controllers.UserInfoController,org.pitest.mutationtest.engine.gregor.mutators.returns.NullReturnValsMutator,getCurrentUser,23,KILLED,edu.ucsb.cs156.happiercows.controllers.UserInfoControllerTests.[engine:junit-jupiter]/[class:edu.ucsb.cs156.happiercows.controllers.UserInfoControllerTests]/[method:currentUser__logged_in()]
UsersController.java,edu.ucsb.cs156.happiercows.controllers.UsersController,org.pitest.mutationtest.engine.gregor.mutators.returns.NullReturnValsMutator,users,35,KILLED,edu.ucsb.cs156.happiercows.controllers.UsersControllerTests.[engine:junit-jupiter]/[class:edu.ucsb.cs156.happiercows.controllers.UsersControllerTests]/[method:users__admin_logged_in()]
User.java,edu.ucsb.cs156.happiercows.entities.User,org.pitest.mutationtest.engine.gregor.mutators.returns.EmptyObjectReturnValsMutator,toString,50,KILLED,edu.ucsb.cs156.happiercows.entities.UserTests.[engine:junit-jupiter]/[class:edu.ucsb.cs156.happiercows.entities.UserTests]/[method:test_toString()]
InstructorReportJob.java,edu.ucsb.cs156.happiercows.jobs.InstructorReportJob,org.pitest.mutationtest.engine.gregor.mutators.VoidMethodCallMutator,accept,12,KILLED,edu.ucsb.cs156.happiercows.jobs.InstructorReportJobTests.[engine:junit-jupiter]/[class:edu.ucsb.cs156.happiercows.jobs.InstructorReportJobTests]/[method:test_log_output()]
InstructorReportJob.java,edu.ucsb.cs156.happiercows.jobs.InstructorReportJob,org.pitest.mutationtest.engine.gregor.mutators.VoidMethodCallMutator,accept,13,KILLED,edu.ucsb.cs156.happiercows.jobs.InstructorReportJobTests.[engine:junit-jupiter]/[class:edu.ucsb.cs156.happiercows.jobs.InstructorReportJobTests]/[method:test_log_output()]
InstructorReportJob.java,edu.ucsb.cs156.happiercows.jobs.InstructorReportJob,org.pitest.mutationtest.engine.gregor.mutators.VoidMethodCallMutator,accept,14,KILLED,edu.ucsb.cs156.happiercows.jobs.InstructorReportJobTests.[engine:junit-jupiter]/[class:edu.ucsb.cs156.happiercows.jobs.InstructorReportJobTests]/[method:test_log_output()]
MilkTheCowsJob.java,edu.ucsb.cs156.happiercows.jobs.MilkTheCowsJob,org.pitest.mutationtest.engine.gregor.mutators.VoidMethodCallMutator,accept,27,KILLED,edu.ucsb.cs156.happiercows.jobs.MilkTheCowsJobTests.[engine:junit-jupiter]/[class:edu.ucsb.cs156.happiercows.jobs.MilkTheCowsJobTests]/[method:test_log_output_no_commons()]
MilkTheCowsJob.java,edu.ucsb.cs156.happiercows.jobs.MilkTheCowsJob,org.pitest.mutationtest.engine.gregor.mutators.VoidMethodCallMutator,accept,32,KILLED,edu.ucsb.cs156.happiercows.jobs.MilkTheCowsJobTests.[engine:junit-jupiter]/[class:edu.ucsb.cs156.happiercows.jobs.MilkTheCowsJobTests]/[method:test_log_output_with_commons_and_user_commons()]
MilkTheCowsJob.java,edu.ucsb.cs156.happiercows.jobs.MilkTheCowsJob,org.pitest.mutationtest.engine.gregor.mutators.VoidMethodCallMutator,accept,38,KILLED,edu.ucsb.cs156.happiercows.jobs.MilkTheCowsJobTests.[engine:junit-jupiter]/[class:edu.ucsb.cs156.happiercows.jobs.MilkTheCowsJobTests]/[method:test_log_output_with_commons_and_user_commons()]
MilkTheCowsJob.java,edu.ucsb.cs156.happiercows.jobs.MilkTheCowsJob,org.pitest.mutationtest.engine.gregor.mutators.VoidMethodCallMutator,accept,40,KILLED,edu.ucsb.cs156.happiercows.jobs.MilkTheCowsJobTests.[engine:junit-jupiter]/[class:edu.ucsb.cs156.happiercows.jobs.MilkTheCowsJobTests]/[method:test_log_output_with_commons_and_user_commons()]
MilkTheCowsJob.java,edu.ucsb.cs156.happiercows.jobs.MilkTheCowsJob,org.pitest.mutationtest.engine.gregor.mutators.VoidMethodCallMutator,accept,46,KILLED,edu.ucsb.cs156.happiercows.jobs.MilkTheCowsJobTests.[engine:junit-jupiter]/[class:edu.ucsb.cs156.happiercows.jobs.MilkTheCowsJobTests]/[method:test_log_output_no_commons()]
MilkTheCowsJob.java,edu.ucsb.cs156.happiercows.jobs.MilkTheCowsJob,org.pitest.mutationtest.engine.gregor.mutators.returns.NullReturnValsMutator,lambda$accept$0,37,KILLED,edu.ucsb.cs156.happiercows.jobs.MilkTheCowsJobTests.[engine:junit-jupiter]/[class:edu.ucsb.cs156.happiercows.jobs.MilkTheCowsJobTests]/[method:test_throws_exception_when_getting_user_fails()]
TestJob.java,edu.ucsb.cs156.happiercows.jobs.TestJob,org.pitest.mutationtest.engine.gregor.mutators.NegateConditionalsMutator,accept,23,KILLED,edu.ucsb.cs156.happiercows.jobs.TestJobTests.[engine:junit-jupiter]/[class:edu.ucsb.cs156.happiercows.jobs.TestJobTests]/[method:test_log_output_with_mock_user()]
TestJob.java,edu.ucsb.cs156.happiercows.jobs.TestJob,org.pitest.mutationtest.engine.gregor.mutators.NegateConditionalsMutator,accept,29,KILLED,edu.ucsb.cs156.happiercows.jobs.TestJobTests.[engine:junit-jupiter]/[class:edu.ucsb.cs156.happiercows.jobs.TestJobTests]/[method:test_log_output_with_mock_user()]
TestJob.java,edu.ucsb.cs156.happiercows.jobs.TestJob,org.pitest.mutationtest.engine.gregor.mutators.VoidMethodCallMutator,accept,22,KILLED,edu.ucsb.cs156.happiercows.jobs.TestJobTests.[engine:junit-jupiter]/[class:edu.ucsb.cs156.happiercows.jobs.TestJobTests]/[method:test_log_output_with_mock_user()]
TestJob.java,edu.ucsb.cs156.happiercows.jobs.TestJob,org.pitest.mutationtest.engine.gregor.mutators.VoidMethodCallMutator,accept,24,KILLED,edu.ucsb.cs156.happiercows.jobs.TestJobTests.[engine:junit-jupiter]/[class:edu.ucsb.cs156.happiercows.jobs.TestJobTests]/[method:test_log_output_with_no_user()]
TestJob.java,edu.ucsb.cs156.happiercows.jobs.TestJob,org.pitest.mutationtest.engine.gregor.mutators.VoidMethodCallMutator,accept,26,KILLED,edu.ucsb.cs156.happiercows.jobs.TestJobTests.[engine:junit-jupiter]/[class:edu.ucsb.cs156.happiercows.jobs.TestJobTests]/[method:test_log_output_with_mock_user()]
TestJob.java,edu.ucsb.cs156.happiercows.jobs.TestJob,org.pitest.mutationtest.engine.gregor.mutators.VoidMethodCallMutator,accept,28,KILLED,edu.ucsb.cs156.happiercows.controllers.JobsControllerTests.[engine:junit-jupiter]/[class:edu.ucsb.cs156.happiercows.controllers.JobsControllerTests]/[method:admin_can_launch_test_job()]
TestJob.java,edu.ucsb.cs156.happiercows.jobs.TestJob,org.pitest.mutationtest.engine.gregor.mutators.VoidMethodCallMutator,accept,32,KILLED,edu.ucsb.cs156.happiercows.jobs.TestJobTests.[engine:junit-jupiter]/[class:edu.ucsb.cs156.happiercows.jobs.TestJobTests]/[method:test_log_output_with_mock_user()]
UpdateCowHealthJob.java,edu.ucsb.cs156.happiercows.jobs.UpdateCowHealthJob,org.pitest.mutationtest.engine.gregor.mutators.VoidMethodCallMutator,accept,32,KILLED,edu.ucsb.cs156.happiercows.jobs.UpdateCowHealthJobTests.[engine:junit-jupiter]/[class:edu.ucsb.cs156.happiercows.jobs.UpdateCowHealthJobTests]/[method:test_log_output_success()]
UpdateCowHealthJob.java,edu.ucsb.cs156.happiercows.jobs.UpdateCowHealthJob,org.pitest.mutationtest.engine.gregor.mutators.VoidMethodCallMutator,accept,37,KILLED,edu.ucsb.cs156.happiercows.jobs.UpdateCowHealthJobTests.[engine:junit-jupiter]/[class:edu.ucsb.cs156.happiercows.jobs.UpdateCowHealthJobTests]/[method:test_updating_to_new_values_health_greater_than_100()]
UpdateCowHealthJob.java,edu.ucsb.cs156.happiercows.jobs.UpdateCowHealthJob,org.pitest.mutationtest.engine.gregor.mutators.VoidMethodCallMutator,accept,47,KILLED,edu.ucsb.cs156.happiercows.jobs.UpdateCowHealthJobTests.[engine:junit-jupiter]/[class:edu.ucsb.cs156.happiercows.jobs.UpdateCowHealthJobTests]/[method:test_updating_to_new_values_health_greater_than_100()]
UpdateCowHealthJob.java,edu.ucsb.cs156.happiercows.jobs.UpdateCowHealthJob,org.pitest.mutationtest.engine.gregor.mutators.VoidMethodCallMutator,accept,50,KILLED,edu.ucsb.cs156.happiercows.jobs.UpdateCowHealthJobTests.[engine:junit-jupiter]/[class:edu.ucsb.cs156.happiercows.jobs.UpdateCowHealthJobTests]/[method:test_updating_to_new_values_health_greater_than_100()]
UpdateCowHealthJob.java,edu.ucsb.cs156.happiercows.jobs.UpdateCowHealthJob,org.pitest.mutationtest.engine.gregor.mutators.VoidMethodCallMutator,accept,51,KILLED,edu.ucsb.cs156.happiercows.jobs.UpdateCowHealthJobTests.[engine:junit-jupiter]/[class:edu.ucsb.cs156.happiercows.jobs.UpdateCowHealthJobTests]/[method:test_updating_to_new_values_if_equal_to_carrying_capacity()]
UpdateCowHealthJob.java,edu.ucsb.cs156.happiercows.jobs.UpdateCowHealthJob,org.pitest.mutationtest.engine.gregor.mutators.VoidMethodCallMutator,accept,56,KILLED,edu.ucsb.cs156.happiercows.jobs.UpdateCowHealthJobTests.[engine:junit-jupiter]/[class:edu.ucsb.cs156.happiercows.jobs.UpdateCowHealthJobTests]/[method:test_log_output_success()]
UpdateCowHealthJob.java,edu.ucsb.cs156.happiercows.jobs.UpdateCowHealthJob,org.pitest.mutationtest.engine.gregor.mutators.ConditionalsBoundaryMutator,calculateNewCowHealth,65,KILLED,edu.ucsb.cs156.happiercows.jobs.UpdateCowHealthJobTests.[engine:junit-jupiter]/[class:edu.ucsb.cs156.happiercows.jobs.UpdateCowHealthJobTests]/[method:test_updating_to_new_values_if_equal_to_carrying_capacity()]
UpdateCowHealthJob.java,edu.ucsb.cs156.happiercows.jobs.UpdateCowHealthJob,org.pitest.mutationtest.engine.gregor.mutators.MathMutator,calculateNewCowHealth,67,KILLED,edu.ucsb.cs156.happiercows.jobs.UpdateCowHealthJobTests.[engine:junit-jupiter]/[class:edu.ucsb.cs156.happiercows.jobs.UpdateCowHealthJobTests]/[method:test_calculateNewCowHealth__numCows_lt_carryingCapacity_old_health_at_80__goes_up()]
UpdateCowHealthJob.java,edu.ucsb.cs156.happiercows.jobs.UpdateCowHealthJob,org.pitest.mutationtest.engine.gregor.mutators.MathMutator,calculateNewCowHealth,70,KILLED,edu.ucsb.cs156.happiercows.jobs.UpdateCowHealthJobTests.[engine:junit-jupiter]/[class:edu.ucsb.cs156.happiercows.jobs.UpdateCowHealthJobTests]/[method:test_calculateNewCowHealth__numCows_ten_over_carryingCapacity_old_health_at_80__goes_down_by_degradation_rate_times_10()]
UpdateCowHealthJob.java,edu.ucsb.cs156.happiercows.jobs.UpdateCowHealthJob,org.pitest.mutationtest.engine.gregor.mutators.MathMutator,calculateNewCowHealth,70,KILLED,edu.ucsb.cs156.happiercows.jobs.UpdateCowHealthJobTests.[engine:junit-jupiter]/[class:edu.ucsb.cs156.happiercows.jobs.UpdateCowHealthJobTests]/[method:test_calculateNewCowHealth__numCows_ten_over_carryingCapacity_old_health_at_80__goes_down_by_degradation_rate_times_10()]
UpdateCowHealthJob.java,edu.ucsb.cs156.happiercows.jobs.UpdateCowHealthJob,org.pitest.mutationtest.engine.gregor.mutators.MathMutator,calculateNewCowHealth,70,KILLED,edu.ucsb.cs156.happiercows.jobs.UpdateCowHealthJobTests.[engine:junit-jupiter]/[class:edu.ucsb.cs156.happiercows.jobs.UpdateCowHealthJobTests]/[method:test_calculateNewCowHealth__numCows_ten_over_carryingCapacity_old_health_at_80__goes_down_by_degradation_rate_times_10()]
UpdateCowHealthJob.java,edu.ucsb.cs156.happiercows.jobs.UpdateCowHealthJob,org.pitest.mutationtest.engine.gregor.mutators.NegateConditionalsMutator,calculateNewCowHealth,65,KILLED,edu.ucsb.cs156.happiercows.jobs.UpdateCowHealthJobTests.[engine:junit-jupiter]/[class:edu.ucsb.cs156.happiercows.jobs.UpdateCowHealthJobTests]/[method:test_calculateNewCowHealth__numCows_lt_carryingCapacity_old_health_at_80__goes_up()]
UpdateCowHealthJob.java,edu.ucsb.cs156.happiercows.jobs.UpdateCowHealthJob,org.pitest.mutationtest.engine.gregor.mutators.returns.PrimitiveReturnsMutator,calculateNewCowHealth,67,KILLED,edu.ucsb.cs156.happiercows.jobs.UpdateCowHealthJobTests.[engine:junit-jupiter]/[class:edu.ucsb.cs156.happiercows.jobs.UpdateCowHealthJobTests]/[method:test_calculateNewCowHealth__numCows_lt_carryingCapacity_old_health_at_80__goes_up()]
UpdateCowHealthJob.java,edu.ucsb.cs156.happiercows.jobs.UpdateCowHealthJob,org.pitest.mutationtest.engine.gregor.mutators.returns.PrimitiveReturnsMutator,calculateNewCowHealth,70,KILLED,edu.ucsb.cs156.happiercows.jobs.UpdateCowHealthJobTests.[engine:junit-jupiter]/[class:edu.ucsb.cs156.happiercows.jobs.UpdateCowHealthJobTests]/[method:test_calculateNewCowHealth__numCows_ten_over_carryingCapacity_old_health_at_80__goes_down_by_degradation_rate_times_10()]
UpdateCowHealthJob.java,edu.ucsb.cs156.happiercows.jobs.UpdateCowHealthJob,org.pitest.mutationtest.engine.gregor.mutators.returns.NullReturnValsMutator,lambda$accept$0,43,KILLED,edu.ucsb.cs156.happiercows.jobs.UpdateCowHealthJobTests.[engine:junit-jupiter]/[class:edu.ucsb.cs156.happiercows.jobs.UpdateCowHealthJobTests]/[method:test_throws_exception_when_get_num_cows_fails()]
UpdateCowHealthJob.java,edu.ucsb.cs156.happiercows.jobs.UpdateCowHealthJob,org.pitest.mutationtest.engine.gregor.mutators.returns.NullReturnValsMutator,lambda$accept$1,46,KILLED,edu.ucsb.cs156.happiercows.jobs.UpdateCowHealthJobTests.[engine:junit-jupiter]/[class:edu.ucsb.cs156.happiercows.jobs.UpdateCowHealthJobTests]/[method:test_throws_exception_when_getting_user_fails()]
CurrentUserService.java,edu.ucsb.cs156.happiercows.services.CurrentUserService,org.pitest.mutationtest.engine.gregor.mutators.NegateConditionalsMutator,isLoggedIn,16,KILLED,edu.ucsb.cs156.happiercows.services.CurrentUserServiceTests.[engine:junit-jupiter]/[class:edu.ucsb.cs156.happiercows.services.CurrentUserServiceTests]/[method:test_isLoggedIn_returns_true()]
CurrentUserService.java,edu.ucsb.cs156.happiercows.services.CurrentUserService,org.pitest.mutationtest.engine.gregor.mutators.returns.BooleanTrueReturnValsMutator,isLoggedIn,16,KILLED,edu.ucsb.cs156.happiercows.services.CurrentUserServiceTests.[engine:junit-jupiter]/[class:edu.ucsb.cs156.happiercows.services.CurrentUserServiceTests]/[method:test_isLoggedIn_returns_false()]
GrantedAuthoritiesService.java,edu.ucsb.cs156.happiercows.services.GrantedAuthoritiesService,org.pitest.mutationtest.engine.gregor.mutators.returns.EmptyObjectReturnValsMutator,getGrantedAuthorities,22,KILLED,edu.ucsb.cs156.happiercows.services.GrantedAuthoritiesServiceTests.[engine:junit-jupiter]/[class:edu.ucsb.cs156.happiercows.services.GrantedAuthoritiesServiceTests]/[method:test_getGrantedAuthorities()]
SystemInfoServiceImpl.java,edu.ucsb.cs156.happiercows.services.SystemInfoServiceImpl,org.pitest.mutationtest.engine.gregor.mutators.returns.NullReturnValsMutator,getSystemInfo,35,KILLED,edu.ucsb.cs156.happiercows.services.SystemInfoServiceImplTests.[engine:junit-jupiter]/[class:edu.ucsb.cs156.happiercows.services.SystemInfoServiceImplTests]/[method:test_getSystemInfo()]
JobContext.java,edu.ucsb.cs156.happiercows.services.jobs.JobContext,org.pitest.mutationtest.engine.gregor.mutators.NegateConditionalsMutator,log,16,KILLED,edu.ucsb.cs156.happiercows.jobs.InstructorReportJobTests.[engine:junit-jupiter]/[class:edu.ucsb.cs156.happiercows.jobs.InstructorReportJobTests]/[method:test_log_output()]
JobContext.java,edu.ucsb.cs156.happiercows.services.jobs.JobContext,org.pitest.mutationtest.engine.gregor.mutators.NegateConditionalsMutator,log,18,KILLED,edu.ucsb.cs156.happiercows.jobs.InstructorReportJobTests.[engine:junit-jupiter]/[class:edu.ucsb.cs156.happiercows.jobs.InstructorReportJobTests]/[method:test_log_output()]
JobContext.java,edu.ucsb.cs156.happiercows.services.jobs.JobContext,org.pitest.mutationtest.engine.gregor.mutators.VoidMethodCallMutator,log,17,KILLED,edu.ucsb.cs156.happiercows.jobs.InstructorReportJobTests.[engine:junit-jupiter]/[class:edu.ucsb.cs156.happiercows.jobs.InstructorReportJobTests]/[method:test_log_output()]
JobService.java,edu.ucsb.cs156.happiercows.services.jobs.JobService,org.pitest.mutationtest.engine.gregor.mutators.VoidMethodCallMutator,runAsJob,30,KILLED,edu.ucsb.cs156.happiercows.controllers.JobsControllerTests.[engine:junit-jupiter]/[class:edu.ucsb.cs156.happiercows.controllers.JobsControllerTests]/[method:admin_can_launch_test_job()]
JobService.java,edu.ucsb.cs156.happiercows.services.jobs.JobService,org.pitest.mutationtest.engine.gregor.mutators.returns.NullReturnValsMutator,runAsJob,31,KILLED,edu.ucsb.cs156.happiercows.controllers.JobsControllerTests.[engine:junit-jupiter]/[class:edu.ucsb.cs156.happiercows.controllers.JobsControllerTests]/[method:admin_can_launch_update_cow_health_job()]
JobService.java,edu.ucsb.cs156.happiercows.services.jobs.JobService,org.pitest.mutationtest.engine.gregor.mutators.VoidMethodCallMutator,runJobAsync,39,KILLED,edu.ucsb.cs156.happiercows.controllers.JobsControllerTests.[engine:junit-jupiter]/[class:edu.ucsb.cs156.happiercows.controllers.JobsControllerTests]/[method:admin_can_launch_test_job()]
JobService.java,edu.ucsb.cs156.happiercows.services.jobs.JobService,org.pitest.mutationtest.engine.gregor.mutators.VoidMethodCallMutator,runJobAsync,42,TIMED_OUT,none
JobService.java,edu.ucsb.cs156.happiercows.services.jobs.JobService,org.pitest.mutationtest.engine.gregor.mutators.VoidMethodCallMutator,runJobAsync,47,TIMED_OUT,none
JobsController.java,edu.ucsb.cs156.happiercows.controllers.JobsController,org.pitest.mutationtest.engine.gregor.mutators.returns.NullReturnValsMutator,allJobs,59,KILLED,edu.ucsb.cs156.happiercows.controllers.JobsControllerTests.[engine:junit-jupiter]/[class:edu.ucsb.cs156.happiercows.controllers.JobsControllerTests]/[method:admin_can_get_all_jobs()]
JobsController.java,edu.ucsb.cs156.happiercows.controllers.JobsController,org.pitest.mutationtest.engine.gregor.mutators.returns.NullReturnValsMutator,instructorReport,103,KILLED,edu.ucsb.cs156.happiercows.controllers.JobsControllerTests.[engine:junit-jupiter]/[class:edu.ucsb.cs156.happiercows.controllers.JobsControllerTests]/[method:admin_can_launch_instructor_report_job()]
JobsController.java,edu.ucsb.cs156.happiercows.controllers.JobsController,org.pitest.mutationtest.engine.gregor.mutators.returns.NullReturnValsMutator,launchTestJob,83,KILLED,edu.ucsb.cs156.happiercows.controllers.JobsControllerTests.[engine:junit-jupiter]/[class:edu.ucsb.cs156.happiercows.controllers.JobsControllerTests]/[method:admin_can_launch_milk_the_cows_job()]
JobsController.java,edu.ucsb.cs156.happiercows.controllers.JobsController,org.pitest.mutationtest.engine.gregor.mutators.returns.NullReturnValsMutator,launchTestJob,74,KILLED,edu.ucsb.cs156.happiercows.controllers.JobsControllerTests.[engine:junit-jupiter]/[class:edu.ucsb.cs156.happiercows.controllers.JobsControllerTests]/[method:admin_can_launch_test_job()]
JobsController.java,edu.ucsb.cs156.happiercows.controllers.JobsController,org.pitest.mutationtest.engine.gregor.mutators.returns.NullReturnValsMutator,updateCowHealth,92,KILLED,edu.ucsb.cs156.happiercows.controllers.JobsControllerTests.[engine:junit-jupiter]/[class:edu.ucsb.cs156.happiercows.controllers.JobsControllerTests]/[method:admin_can_launch_update_cow_health_job()]
MilkTheCowsJobFactory.java,edu.ucsb.cs156.happiercows.jobs.MilkTheCowsJobFactory,org.pitest.mutationtest.engine.gregor.mutators.returns.NullReturnValsMutator,create,29,KILLED,edu.ucsb.cs156.happiercows.jobs.MilkTheCowsJobFactoryTests.[engine:junit-jupiter]/[class:edu.ucsb.cs156.happiercows.jobs.MilkTheCowsJobFactoryTests]/[method:test_create()]
UpdateCowHealthJobFactory.java,edu.ucsb.cs156.happiercows.jobs.UpdateCowHealthJobFactory,org.pitest.mutationtest.engine.gregor.mutators.returns.NullReturnValsMutator,create,29,KILLED,edu.ucsb.cs156.happiercows.jobs.UpdateCowHealthJobFactoryTests.[engine:junit-jupiter]/[class:edu.ucsb.cs156.happiercows.jobs.UpdateCowHealthJobFactoryTests]/[method:test_create()]
